flokkur,date,atkvaedahlutfall
Framsóknarflokkurinn,1963-06-09,0.28222087921926764
Framsóknarflokkurinn,1967-06-11,0.2812883754813196
Framsóknarflokkurinn,1971-06-13,0.2528108544048579
Framsóknarflokkurinn,1974-06-30,0.24872051039366214
Framsóknarflokkurinn,1978-06-25,0.1690246876201854
Framsóknarflokkurinn,1979-12-03,0.24937980299149098
Framsóknarflokkurinn,1983-04-23,0.19047106077161016
Framsóknarflokkurinn,1987-04-25,0.18924581920090097
Framsóknarflokkurinn,1991-04-20,0.18930208089041572
Framsóknarflokkurinn,1995-04-08,0.23318165568972934
Framsóknarflokkurinn,1999-05-08,0.18352471232810585
Framsóknarflokkurinn,2003-05-10,0.1773415150787238
Framsóknarflokkurinn,2007-05-12,0.11719886479038695
Framsóknarflokkurinn,2009-04-25,0.14797818177932826
Framsóknarflokkurinn,2013-04-27,0.2442877321807399
Framsóknarflokkurinn,2016-10-29,0.11490761832447481
Framsóknarflokkurinn,2017-10-28,0.10708808258474771
Framsóknarflokkurinn,2021-11-25,0.17273819656536324
Sjálfstæðisflokkurinn,1963-06-09,0.4143276031873937
Sjálfstæðisflokkurinn,1967-06-11,0.37502341554792384
Sjálfstæðisflokkurinn,1971-06-13,0.36216139285544857
Sjálfstæðisflokkurinn,1974-06-30,0.4273495285168437
Sjálfstæðisflokkurinn,1978-06-25,0.3271662016087458
Sjálfstæðisflokkurinn,1979-12-03,0.3542436020719025
Sjálfstæðisflokkurinn,1983-04-23,0.3866591772979794
Sjálfstæðisflokkurinn,1987-04-25,0.27167009337227116
Sjálfstæðisflokkurinn,1991-04-20,0.38560173418098614
Sjálfstæðisflokkurinn,1995-04-08,0.3707094514762819
Sjálfstæðisflokkurinn,1999-05-08,0.4073747790040247
Sjálfstæðisflokkurinn,2003-05-10,0.3368473347454851
Sjálfstæðisflokkurinn,2007-05-12,0.36643995410854757
Sjálfstæðisflokkurinn,2009-04-25,0.2370460992718356
Sjálfstæðisflokkurinn,2013-04-27,0.26698338297455865
Sjálfstæðisflokkurinn,2016-10-29,0.28996878427402345
Sjálfstæðisflokkurinn,2017-10-28,0.25246230746105913
Sjálfstæðisflokkurinn,2021-11-25,0.24386922345165973
Samfylkingin,1963-06-09,0
Samfylkingin,1967-06-11,0
Samfylkingin,1971-06-13,0
Samfylkingin,1974-06-30,0
Samfylkingin,1978-06-25,0
Samfylkingin,1979-12-03,0
Samfylkingin,1983-04-23,0
Samfylkingin,1987-04-25,0
Samfylkingin,1991-04-20,0
Samfylkingin,1995-04-08,0
Samfylkingin,1999-05-08,0.26777773084651263
Samfylkingin,2003-05-10,0.3095451269844736
Samfylkingin,2007-05-12,0.26757022325423097
Samfylkingin,2009-04-25,0.29787961513598993
Samfylkingin,2013-04-27,0.12853462277077393
Samfylkingin,2016-10-29,0.057443263308866954
Samfylkingin,2017-10-28,0.12052440907168588
Samfylkingin,2021-11-25,0.09925899964952686
Vinstri Græn,1963-06-09,0
Vinstri Græn,1967-06-11,0
Vinstri Græn,1971-06-13,0
Vinstri Græn,1974-06-30,0
Vinstri Græn,1978-06-25,0
Vinstri Græn,1979-12-03,0
Vinstri Græn,1983-04-23,0
Vinstri Græn,1987-04-25,0
Vinstri Græn,1991-04-20,0
Vinstri Græn,1995-04-08,0
Vinstri Græn,1999-05-08,0.09120420933221503
Vinstri Græn,2003-05-10,0.08805385102526588
Vinstri Græn,2007-05-12,0.14347117237290646
Vinstri Græn,2009-04-25,0.21679853405490884
Vinstri Græn,2013-04-27,0.10872750935071393
Vinstri Græn,2016-10-29,0.15906837931325402
Vinstri Græn,2017-10-28,0.1689400231326971
Vinstri Græn,2021-11-25,0.12573974866069193
Píratar,1963-06-09,0
Píratar,1967-06-11,0
Píratar,1971-06-13,0
Píratar,1974-06-30,0
Píratar,1978-06-25,0
Píratar,1979-12-03,0
Píratar,1983-04-23,0
Píratar,1987-04-25,0
Píratar,1991-04-20,0
Píratar,1995-04-08,0
Píratar,1999-05-08,0
Píratar,2003-05-10,0
Píratar,2007-05-12,0
Píratar,2009-04-25,0
Píratar,2013-04-27,0.05104669802087577
Píratar,2016-10-29,0.1448262043364549
Píratar,2017-10-28,0.09198559046973642
Píratar,2021-11-25,0.08628147999799729
Viðreisn,1963-06-09,0
Viðreisn,1967-06-11,0
Viðreisn,1971-06-13,0
Viðreisn,1974-06-30,0
Viðreisn,1978-06-25,0
Viðreisn,1979-12-03,0
Viðreisn,1983-04-23,0
Viðreisn,1987-04-25,0
Viðreisn,1991-04-20,0
Viðreisn,1995-04-08,0
Viðreisn,1999-05-08,0
Viðreisn,2003-05-10,0
Viðreisn,2007-05-12,0
Viðreisn,2009-04-25,0
Viðreisn,2013-04-27,0
Viðreisn,2016-10-29,0.10477305323546782
Viðreisn,2017-10-28,0.06686062804763093
Viðreisn,2021-11-25,0.0832523907274821
Flokkur Fólksins,1963-06-09,0
Flokkur Fólksins,1967-06-11,0
Flokkur Fólksins,1971-06-13,0
Flokkur Fólksins,1974-06-30,0
Flokkur Fólksins,1978-06-25,0
Flokkur Fólksins,1979-12-03,0
Flokkur Fólksins,1983-04-23,0
Flokkur Fólksins,1987-04-25,0
Flokkur Fólksins,1991-04-20,0
Flokkur Fólksins,1995-04-08,0
Flokkur Fólksins,1999-05-08,0
Flokkur Fólksins,2003-05-10,0
Flokkur Fólksins,2007-05-12,0
Flokkur Fólksins,2009-04-25,0
Flokkur Fólksins,2013-04-27,0
Flokkur Fólksins,2016-10-29,0
Flokkur Fólksins,2017-10-28,0.0687968449854529
Flokkur Fólksins,2021-11-25,0.08847944725379261
Miðflokkurinn,1963-06-09,0
Miðflokkurinn,1967-06-11,0
Miðflokkurinn,1971-06-13,0
Miðflokkurinn,1974-06-30,0
Miðflokkurinn,1978-06-25,0
Miðflokkurinn,1979-12-03,0
Miðflokkurinn,1983-04-23,0
Miðflokkurinn,1987-04-25,0
Miðflokkurinn,1991-04-20,0
Miðflokkurinn,1995-04-08,0
Miðflokkurinn,1999-05-08,0
Miðflokkurinn,2003-05-10,0
Miðflokkurinn,2007-05-12,0
Miðflokkurinn,2009-04-25,0
Miðflokkurinn,2013-04-27,0
Miðflokkurinn,2016-10-29,0
Miðflokkurinn,2017-10-28,0.10871858105870304
Miðflokkurinn,2021-11-25,0.05446853251890051
Sósíalistaflokkurinn,1963-06-09,0
Sósíalistaflokkurinn,1967-06-11,0
Sósíalistaflokkurinn,1971-06-13,0
Sósíalistaflokkurinn,1974-06-30,0
Sósíalistaflokkurinn,1978-06-25,0
Sósíalistaflokkurinn,1979-12-03,0
Sósíalistaflokkurinn,1983-04-23,0
Sósíalistaflokkurinn,1987-04-25,0
Sósíalistaflokkurinn,1991-04-20,0
Sósíalistaflokkurinn,1995-04-08,0
Sósíalistaflokkurinn,1999-05-08,0
Sósíalistaflokkurinn,2003-05-10,0
Sósíalistaflokkurinn,2007-05-12,0
Sósíalistaflokkurinn,2009-04-25,0
Sósíalistaflokkurinn,2013-04-27,0
Sósíalistaflokkurinn,2016-10-29,0
Sósíalistaflokkurinn,2017-10-28,0
Sósíalistaflokkurinn,2021-11-25,0.04096029640014019
Annað,1963-06-09,0.3034515175933387
Annað,1967-06-11,0.3436882089707566
Annað,1971-06-13,0.38502775273969353
Annað,1974-06-30,0.3239299610894942
Annað,1978-06-25,0.5038091107710687
Annað,1979-12-03,0.3963765949366066
Annað,1983-04-23,0.4228697619304104
Annað,1987-04-25,0.5390840874268278
Annað,1991-04-20,0.42509618492859813
Annað,1995-04-08,0.3961088928339887
Annað,1999-05-08,0.05011856848914178
Annað,2003-05-10,0.08821217216605158
Annað,2007-05-12,0.10531978547392806
Annað,2009-04-25,0.10029756975793742
Annað,2013-04-27,0.2004200547023378
Annað,2016-10-29,0.12901269720745803
Annað,2017-10-28,0.014623533188286906
Annað,2021-11-25,0.004951684774445501
