<?xml version="1.0" encoding="utf-8"?>
<!DOCTYPE article PUBLIC "-//NLM//DTD JATS (Z39.96) Journal Archiving
and Interchange DTD v1.2 20190208//EN" "JATS-archivearticle1.dtd">
<article xmlns:mml="http://www.w3.org/1998/Math/MathML" xmlns:xlink="http://www.w3.org/1999/xlink" dtd-version="1.2" article-type="other">
  <front>
    <article-meta>
      <history/>
    </article-meta>
  </front>
  <body>
    <sec id="introduction">
      <title>Introduction</title>
      <p>This report outlines the methodology behind forecasting the outcome
  of the upcoming Icelandic Parliamentary Elections scheduled for
  November 30th. The forecast is based on a dynamic linear model
  implemented in Stan, incorporating polling data over time, adjusting
  for polling house effects, accounting for overdispersion, and modeling
  the impact of significant political events.</p>
    </sec>
    <sec id="model-specification">
      <title>Model Specification</title>
      <p>We model the polling percentages for each political party over time
  using a dynamic linear model with a Dirichlet-Multinomial observation
  component. The model captures the evolution of party support, accounts
  for variations between different polling houses, incorporates
  overdispersion, and includes the effect of notable political
  events.</p>
      <sec id="notation">
        <title>Notation</title>
        <sec id="input-data">
          <title>Input Data</title>
          <list list-type="bullet">
            <list-item>
              <p><inline-formula><alternatives><tex-math><![CDATA[P]]></tex-math><mml:math xmlns:mml="http://www.w3.org/1998/Math/MathML" display="inline"><mml:mi>P</mml:mi></mml:math></alternatives></inline-formula>:
          Number of political parties.</p>
            </list-item>
            <list-item>
              <p><inline-formula><alternatives><tex-math><![CDATA[T]]></tex-math><mml:math xmlns:mml="http://www.w3.org/1998/Math/MathML" display="inline"><mml:mi>T</mml:mi></mml:math></alternatives></inline-formula>:
          Number of time points (dates) at which we have polling
          data.</p>
            </list-item>
            <list-item>
              <p><inline-formula><alternatives><tex-math><![CDATA[H]]></tex-math><mml:math xmlns:mml="http://www.w3.org/1998/Math/MathML" display="inline"><mml:mi>H</mml:mi></mml:math></alternatives></inline-formula>:
          Number of polling houses.</p>
            </list-item>
            <list-item>
              <p><inline-formula><alternatives><tex-math><![CDATA[N]]></tex-math><mml:math xmlns:mml="http://www.w3.org/1998/Math/MathML" display="inline"><mml:mi>N</mml:mi></mml:math></alternatives></inline-formula>:
          Number of observations (polls).</p>
            </list-item>
            <list-item>
              <p><inline-formula><alternatives><tex-math><![CDATA[y_{n,p}]]></tex-math><mml:math xmlns:mml="http://www.w3.org/1998/Math/MathML" display="inline"><mml:msub><mml:mi>y</mml:mi><mml:mrow><mml:mi>n</mml:mi><mml:mo>,</mml:mo><mml:mi>p</mml:mi></mml:mrow></mml:msub></mml:math></alternatives></inline-formula>:
          Count of responses for party <inline-formula><alternatives><tex-math><![CDATA[p]]></tex-math><mml:math xmlns:mml="http://www.w3.org/1998/Math/MathML" display="inline"><mml:mi>p</mml:mi></mml:math></alternatives></inline-formula>
          in poll <inline-formula><alternatives><tex-math><![CDATA[n]]></tex-math><mml:math xmlns:mml="http://www.w3.org/1998/Math/MathML" display="inline"><mml:mi>n</mml:mi></mml:math></alternatives></inline-formula>.</p>
            </list-item>
            <list-item>
              <p><inline-formula><alternatives><tex-math><![CDATA[s_t]]></tex-math><mml:math xmlns:mml="http://www.w3.org/1998/Math/MathML" display="inline"><mml:msub><mml:mi>s</mml:mi><mml:mi>t</mml:mi></mml:msub></mml:math></alternatives></inline-formula>:
          Indicator variable for the occurrence of the political event
          at time <inline-formula><alternatives><tex-math><![CDATA[t]]></tex-math><mml:math xmlns:mml="http://www.w3.org/1998/Math/MathML" display="inline"><mml:mi>t</mml:mi></mml:math></alternatives></inline-formula>.</p>
            </list-item>
          </list>
        </sec>
        <sec id="parameters">
          <title>Parameters</title>
          <list list-type="bullet">
            <list-item>
              <p><inline-formula><alternatives><tex-math><![CDATA[\beta_{p,t}]]></tex-math><mml:math xmlns:mml="http://www.w3.org/1998/Math/MathML" display="inline"><mml:msub><mml:mi>β</mml:mi><mml:mrow><mml:mi>p</mml:mi><mml:mo>,</mml:mo><mml:mi>t</mml:mi></mml:mrow></mml:msub></mml:math></alternatives></inline-formula>:
          Latent support for party <inline-formula><alternatives><tex-math><![CDATA[p]]></tex-math><mml:math xmlns:mml="http://www.w3.org/1998/Math/MathML" display="inline"><mml:mi>p</mml:mi></mml:math></alternatives></inline-formula>
          at time <inline-formula><alternatives><tex-math><![CDATA[t]]></tex-math><mml:math xmlns:mml="http://www.w3.org/1998/Math/MathML" display="inline"><mml:mi>t</mml:mi></mml:math></alternatives></inline-formula>.</p>
            </list-item>
            <list-item>
              <p><inline-formula><alternatives><tex-math><![CDATA[\gamma_{p,h}]]></tex-math><mml:math xmlns:mml="http://www.w3.org/1998/Math/MathML" display="inline"><mml:msub><mml:mi>γ</mml:mi><mml:mrow><mml:mi>p</mml:mi><mml:mo>,</mml:mo><mml:mi>h</mml:mi></mml:mrow></mml:msub></mml:math></alternatives></inline-formula>:
          Effect of polling house <inline-formula><alternatives><tex-math><![CDATA[h]]></tex-math><mml:math xmlns:mml="http://www.w3.org/1998/Math/MathML" display="inline"><mml:mi>h</mml:mi></mml:math></alternatives></inline-formula>
          for party <inline-formula><alternatives><tex-math><![CDATA[p]]></tex-math><mml:math xmlns:mml="http://www.w3.org/1998/Math/MathML" display="inline"><mml:mi>p</mml:mi></mml:math></alternatives></inline-formula>.</p>
            </list-item>
            <list-item>
              <p><inline-formula><alternatives><tex-math><![CDATA[\sigma_p]]></tex-math><mml:math xmlns:mml="http://www.w3.org/1998/Math/MathML" display="inline"><mml:msub><mml:mi>σ</mml:mi><mml:mi>p</mml:mi></mml:msub></mml:math></alternatives></inline-formula>:
          Scale parameter for the random walk of party
          <inline-formula><alternatives><tex-math><![CDATA[p]]></tex-math><mml:math xmlns:mml="http://www.w3.org/1998/Math/MathML" display="inline"><mml:mi>p</mml:mi></mml:math></alternatives></inline-formula>.</p>
            </list-item>
            <list-item>
              <p><inline-formula><alternatives><tex-math><![CDATA[\phi]]></tex-math><mml:math xmlns:mml="http://www.w3.org/1998/Math/MathML" display="inline"><mml:mi>ϕ</mml:mi></mml:math></alternatives></inline-formula>:
          Overdispersion parameter.</p>
            </list-item>
            <list-item>
              <p><inline-formula><alternatives><tex-math><![CDATA[\beta^{\text{event}}_p]]></tex-math><mml:math xmlns:mml="http://www.w3.org/1998/Math/MathML" display="inline"><mml:msubsup><mml:mi>β</mml:mi><mml:mi>p</mml:mi><mml:mtext mathvariant="normal">event</mml:mtext></mml:msubsup></mml:math></alternatives></inline-formula>:
          Effect of a significant political event for party
          <inline-formula><alternatives><tex-math><![CDATA[p]]></tex-math><mml:math xmlns:mml="http://www.w3.org/1998/Math/MathML" display="inline"><mml:mi>p</mml:mi></mml:math></alternatives></inline-formula>.</p>
            </list-item>
            <list-item>
              <p><inline-formula><alternatives><tex-math><![CDATA[\Delta_t]]></tex-math><mml:math xmlns:mml="http://www.w3.org/1998/Math/MathML" display="inline"><mml:msub><mml:mi>Δ</mml:mi><mml:mi>t</mml:mi></mml:msub></mml:math></alternatives></inline-formula>:
          The time difference between polls at
          <inline-formula><alternatives><tex-math><![CDATA[t-1]]></tex-math><mml:math xmlns:mml="http://www.w3.org/1998/Math/MathML" display="inline"><mml:mrow><mml:mi>t</mml:mi><mml:mo>−</mml:mo><mml:mn>1</mml:mn></mml:mrow></mml:math></alternatives></inline-formula>
          and <inline-formula><alternatives><tex-math><![CDATA[t]]></tex-math><mml:math xmlns:mml="http://www.w3.org/1998/Math/MathML" display="inline"><mml:mi>t</mml:mi></mml:math></alternatives></inline-formula>
          in days.</p>
            </list-item>
          </list>
        </sec>
      </sec>
      <sec id="dynamic-party-effects">
        <title>Dynamic Party Effects</title>
        <p>The latent support for each party evolves over time following a
    random walk with Student’s t-distributed innovations:</p>
        <p>
          <disp-formula>
            <alternatives>
              <tex-math><![CDATA[
    \beta_{p,1} = \beta_{0,p}, \quad \beta_{p,t} = \beta_{p,t-1} + \epsilon_{p,t} \quad \text{for } t = 2, \dots, T+1,
    ]]></tex-math>
              <mml:math xmlns:mml="http://www.w3.org/1998/Math/MathML" display="block">
                <mml:mrow>
                  <mml:msub>
                    <mml:mi>β</mml:mi>
                    <mml:mrow>
                      <mml:mi>p</mml:mi>
                      <mml:mo>,</mml:mo>
                      <mml:mn>1</mml:mn>
                    </mml:mrow>
                  </mml:msub>
                  <mml:mo>=</mml:mo>
                  <mml:msub>
                    <mml:mi>β</mml:mi>
                    <mml:mrow>
                      <mml:mn>0</mml:mn>
                      <mml:mo>,</mml:mo>
                      <mml:mi>p</mml:mi>
                    </mml:mrow>
                  </mml:msub>
                  <mml:mo>,</mml:mo>
                  <mml:mspace width="1.0em"/>
                  <mml:msub>
                    <mml:mi>β</mml:mi>
                    <mml:mrow>
                      <mml:mi>p</mml:mi>
                      <mml:mo>,</mml:mo>
                      <mml:mi>t</mml:mi>
                    </mml:mrow>
                  </mml:msub>
                  <mml:mo>=</mml:mo>
                  <mml:msub>
                    <mml:mi>β</mml:mi>
                    <mml:mrow>
                      <mml:mi>p</mml:mi>
                      <mml:mo>,</mml:mo>
                      <mml:mi>t</mml:mi>
                      <mml:mo>−</mml:mo>
                      <mml:mn>1</mml:mn>
                    </mml:mrow>
                  </mml:msub>
                  <mml:mo>+</mml:mo>
                  <mml:msub>
                    <mml:mi>ϵ</mml:mi>
                    <mml:mrow>
                      <mml:mi>p</mml:mi>
                      <mml:mo>,</mml:mo>
                      <mml:mi>t</mml:mi>
                    </mml:mrow>
                  </mml:msub>
                  <mml:mspace width="1.0em"/>
                  <mml:mrow>
                    <mml:mtext mathvariant="normal">for </mml:mtext>
                    <mml:mspace width="0.333em"/>
                  </mml:mrow>
                  <mml:mi>t</mml:mi>
                  <mml:mo>=</mml:mo>
                  <mml:mn>2</mml:mn>
                  <mml:mo>,</mml:mo>
                  <mml:mi>…</mml:mi>
                  <mml:mo>,</mml:mo>
                  <mml:mi>T</mml:mi>
                  <mml:mo>+</mml:mo>
                  <mml:mn>1</mml:mn>
                  <mml:mo>,</mml:mo>
                </mml:mrow>
              </mml:math>
            </alternatives>
          </disp-formula>
        </p>
        <p>where <inline-formula><alternatives><tex-math><![CDATA[\epsilon_{p,t} \sim t_3\left(0, \sigma_p \sqrt{\Delta_t}\right)]]></tex-math><mml:math xmlns:mml="http://www.w3.org/1998/Math/MathML" display="inline"><mml:mrow><mml:msub><mml:mi>ϵ</mml:mi><mml:mrow><mml:mi>p</mml:mi><mml:mo>,</mml:mo><mml:mi>t</mml:mi></mml:mrow></mml:msub><mml:mo>∼</mml:mo><mml:msub><mml:mi>t</mml:mi><mml:mn>3</mml:mn></mml:msub><mml:mrow><mml:mo stretchy="true" form="prefix">(</mml:mo><mml:mn>0</mml:mn><mml:mo>,</mml:mo><mml:msub><mml:mi>σ</mml:mi><mml:mi>p</mml:mi></mml:msub><mml:msqrt><mml:msub><mml:mi>Δ</mml:mi><mml:mi>t</mml:mi></mml:msub></mml:msqrt><mml:mo stretchy="true" form="postfix">)</mml:mo></mml:mrow></mml:mrow></mml:math></alternatives></inline-formula>,
    a Student’s t-distribution with 3 degrees of freedom, scale
    <inline-formula><alternatives><tex-math><![CDATA[\sigma_p \sqrt{\Delta_t}]]></tex-math><mml:math xmlns:mml="http://www.w3.org/1998/Math/MathML" display="inline"><mml:mrow><mml:msub><mml:mi>σ</mml:mi><mml:mi>p</mml:mi></mml:msub><mml:msqrt><mml:msub><mml:mi>Δ</mml:mi><mml:mi>t</mml:mi></mml:msub></mml:msqrt></mml:mrow></mml:math></alternatives></inline-formula>,
    and <inline-formula><alternatives><tex-math><![CDATA[\Delta_t]]></tex-math><mml:math xmlns:mml="http://www.w3.org/1998/Math/MathML" display="inline"><mml:msub><mml:mi>Δ</mml:mi><mml:mi>t</mml:mi></mml:msub></mml:math></alternatives></inline-formula>
    is the time difference between consecutive polls in days.</p>
        <p><inline-formula><alternatives><tex-math><![CDATA[\beta_{p, T + 1}]]></tex-math><mml:math xmlns:mml="http://www.w3.org/1998/Math/MathML" display="inline"><mml:msub><mml:mi>β</mml:mi><mml:mrow><mml:mi>p</mml:mi><mml:mo>,</mml:mo><mml:mi>T</mml:mi><mml:mo>+</mml:mo><mml:mn>1</mml:mn></mml:mrow></mml:msub></mml:math></alternatives></inline-formula>
    is the predicted support for party <inline-formula><alternatives><tex-math><![CDATA[p]]></tex-math><mml:math xmlns:mml="http://www.w3.org/1998/Math/MathML" display="inline"><mml:mi>p</mml:mi></mml:math></alternatives></inline-formula>
    at election day where <inline-formula><alternatives><tex-math><![CDATA[\Delta_{T+1}]]></tex-math><mml:math xmlns:mml="http://www.w3.org/1998/Math/MathML" display="inline"><mml:msub><mml:mi>Δ</mml:mi><mml:mrow><mml:mi>T</mml:mi><mml:mo>+</mml:mo><mml:mn>1</mml:mn></mml:mrow></mml:msub></mml:math></alternatives></inline-formula>
    is the number of days between the most recent poll and the day of
    the elections.</p>
      </sec>
      <sec id="polling-house-effects">
        <title>Polling House Effects</title>
        <p>Polling house effects are modeled to account for systematic
    biases:</p>
        <p>
          <disp-formula>
            <alternatives>
              <tex-math><![CDATA[
    \gamma_{p,1} = 0, \quad \gamma_{p,h} \sim \mathcal{N}\left(0, \sigma_{\text{house}}^2\right) \quad \text{for } h = 2, \dots, H,
    ]]></tex-math>
              <mml:math xmlns:mml="http://www.w3.org/1998/Math/MathML" display="block">
                <mml:mrow>
                  <mml:msub>
                    <mml:mi>γ</mml:mi>
                    <mml:mrow>
                      <mml:mi>p</mml:mi>
                      <mml:mo>,</mml:mo>
                      <mml:mn>1</mml:mn>
                    </mml:mrow>
                  </mml:msub>
                  <mml:mo>=</mml:mo>
                  <mml:mn>0</mml:mn>
                  <mml:mo>,</mml:mo>
                  <mml:mspace width="1.0em"/>
                  <mml:msub>
                    <mml:mi>γ</mml:mi>
                    <mml:mrow>
                      <mml:mi>p</mml:mi>
                      <mml:mo>,</mml:mo>
                      <mml:mi>h</mml:mi>
                    </mml:mrow>
                  </mml:msub>
                  <mml:mo>∼</mml:mo>
                  <mml:mi>𝒩</mml:mi>
                  <mml:mrow>
                    <mml:mo stretchy="true" form="prefix">(</mml:mo>
                    <mml:mn>0</mml:mn>
                    <mml:mo>,</mml:mo>
                    <mml:msubsup>
                      <mml:mi>σ</mml:mi>
                      <mml:mtext mathvariant="normal">house</mml:mtext>
                      <mml:mn>2</mml:mn>
                    </mml:msubsup>
                    <mml:mo stretchy="true" form="postfix">)</mml:mo>
                  </mml:mrow>
                  <mml:mspace width="1.0em"/>
                  <mml:mrow>
                    <mml:mtext mathvariant="normal">for </mml:mtext>
                    <mml:mspace width="0.333em"/>
                  </mml:mrow>
                  <mml:mi>h</mml:mi>
                  <mml:mo>=</mml:mo>
                  <mml:mn>2</mml:mn>
                  <mml:mo>,</mml:mo>
                  <mml:mi>…</mml:mi>
                  <mml:mo>,</mml:mo>
                  <mml:mi>H</mml:mi>
                  <mml:mo>,</mml:mo>
                </mml:mrow>
              </mml:math>
            </alternatives>
          </disp-formula>
        </p>
        <p>where outcomes of elections are coded as the first polling house
    and thus the first polling house effect is set to zero. The
    hyperparameter <inline-formula><alternatives><tex-math><![CDATA[\sigma_{\text{house}}]]></tex-math><mml:math xmlns:mml="http://www.w3.org/1998/Math/MathML" display="inline"><mml:msub><mml:mi>σ</mml:mi><mml:mtext mathvariant="normal">house</mml:mtext></mml:msub></mml:math></alternatives></inline-formula>
    controls the variability of polling house effects.</p>
      </sec>
      <sec id="political-event-effect">
        <title>Political Event Effect</title>
        <p>We include an effect for a significant political event (e.g.,
    government collapse):</p>
        <p>
          <disp-formula>
            <alternatives>
              <tex-math><![CDATA[
    \beta^{\text{event}}_p \sim \mathcal{N}\left(0, \sigma_{\text{event}}^2\right),
    ]]></tex-math>
              <mml:math xmlns:mml="http://www.w3.org/1998/Math/MathML" display="block">
                <mml:mrow>
                  <mml:msubsup>
                    <mml:mi>β</mml:mi>
                    <mml:mi>p</mml:mi>
                    <mml:mtext mathvariant="normal">event</mml:mtext>
                  </mml:msubsup>
                  <mml:mo>∼</mml:mo>
                  <mml:mi>𝒩</mml:mi>
                  <mml:mrow>
                    <mml:mo stretchy="true" form="prefix">(</mml:mo>
                    <mml:mn>0</mml:mn>
                    <mml:mo>,</mml:mo>
                    <mml:msubsup>
                      <mml:mi>σ</mml:mi>
                      <mml:mtext mathvariant="normal">event</mml:mtext>
                      <mml:mn>2</mml:mn>
                    </mml:msubsup>
                    <mml:mo stretchy="true" form="postfix">)</mml:mo>
                  </mml:mrow>
                  <mml:mo>,</mml:mo>
                </mml:mrow>
              </mml:math>
            </alternatives>
          </disp-formula>
        </p>
        <p>and incorporate it into the model as:</p>
        <p>
          <disp-formula>
            <alternatives>
              <tex-math><![CDATA[
    \eta_{n,p} = \beta_{p, t_n} + \gamma_{p, h_n} + \beta^{\text{event}}_p \times s_{t_n},
    ]]></tex-math>
              <mml:math xmlns:mml="http://www.w3.org/1998/Math/MathML" display="block">
                <mml:mrow>
                  <mml:msub>
                    <mml:mi>η</mml:mi>
                    <mml:mrow>
                      <mml:mi>n</mml:mi>
                      <mml:mo>,</mml:mo>
                      <mml:mi>p</mml:mi>
                    </mml:mrow>
                  </mml:msub>
                  <mml:mo>=</mml:mo>
                  <mml:msub>
                    <mml:mi>β</mml:mi>
                    <mml:mrow>
                      <mml:mi>p</mml:mi>
                      <mml:mo>,</mml:mo>
                      <mml:msub>
                        <mml:mi>t</mml:mi>
                        <mml:mi>n</mml:mi>
                      </mml:msub>
                    </mml:mrow>
                  </mml:msub>
                  <mml:mo>+</mml:mo>
                  <mml:msub>
                    <mml:mi>γ</mml:mi>
                    <mml:mrow>
                      <mml:mi>p</mml:mi>
                      <mml:mo>,</mml:mo>
                      <mml:msub>
                        <mml:mi>h</mml:mi>
                        <mml:mi>n</mml:mi>
                      </mml:msub>
                    </mml:mrow>
                  </mml:msub>
                  <mml:mo>+</mml:mo>
                  <mml:msubsup>
                    <mml:mi>β</mml:mi>
                    <mml:mi>p</mml:mi>
                    <mml:mtext mathvariant="normal">event</mml:mtext>
                  </mml:msubsup>
                  <mml:mo>×</mml:mo>
                  <mml:msub>
                    <mml:mi>s</mml:mi>
                    <mml:msub>
                      <mml:mi>t</mml:mi>
                      <mml:mi>n</mml:mi>
                    </mml:msub>
                  </mml:msub>
                  <mml:mo>,</mml:mo>
                </mml:mrow>
              </mml:math>
            </alternatives>
          </disp-formula>
        </p>
        <p>where <inline-formula><alternatives><tex-math><![CDATA[s_{t_n}]]></tex-math><mml:math xmlns:mml="http://www.w3.org/1998/Math/MathML" display="inline"><mml:msub><mml:mi>s</mml:mi><mml:msub><mml:mi>t</mml:mi><mml:mi>n</mml:mi></mml:msub></mml:msub></mml:math></alternatives></inline-formula>
    is an indicator (typically 0 or 1) denoting the occurrence of the
    event at time <inline-formula><alternatives><tex-math><![CDATA[t_n]]></tex-math><mml:math xmlns:mml="http://www.w3.org/1998/Math/MathML" display="inline"><mml:msub><mml:mi>t</mml:mi><mml:mi>n</mml:mi></mml:msub></mml:math></alternatives></inline-formula>.</p>
      </sec>
      <sec id="overdispersion">
        <title>Overdispersion</title>
        <p>To account for overdispersion in the polling data, we introduce
    an overdispersion parameter <inline-formula><alternatives><tex-math><![CDATA[\phi]]></tex-math><mml:math xmlns:mml="http://www.w3.org/1998/Math/MathML" display="inline"><mml:mi>ϕ</mml:mi></mml:math></alternatives></inline-formula>:</p>
        <p>
          <disp-formula>
            <alternatives>
              <tex-math><![CDATA[
    \phi = \frac{1}{\phi_{\text{inv}}},
    ]]></tex-math>
              <mml:math xmlns:mml="http://www.w3.org/1998/Math/MathML" display="block">
                <mml:mrow>
                  <mml:mi>ϕ</mml:mi>
                  <mml:mo>=</mml:mo>
                  <mml:mfrac>
                    <mml:mn>1</mml:mn>
                    <mml:msub>
                      <mml:mi>ϕ</mml:mi>
                      <mml:mtext mathvariant="normal">inv</mml:mtext>
                    </mml:msub>
                  </mml:mfrac>
                  <mml:mo>,</mml:mo>
                </mml:mrow>
              </mml:math>
            </alternatives>
          </disp-formula>
        </p>
        <p>where <inline-formula><alternatives><tex-math><![CDATA[\phi_{\text{inv}} \sim \text{Exponential}(1)]]></tex-math><mml:math xmlns:mml="http://www.w3.org/1998/Math/MathML" display="inline"><mml:mrow><mml:msub><mml:mi>ϕ</mml:mi><mml:mtext mathvariant="normal">inv</mml:mtext></mml:msub><mml:mo>∼</mml:mo><mml:mtext mathvariant="normal">Exponential</mml:mtext><mml:mrow><mml:mo stretchy="true" form="prefix">(</mml:mo><mml:mn>1</mml:mn><mml:mo stretchy="true" form="postfix">)</mml:mo></mml:mrow></mml:mrow></mml:math></alternatives></inline-formula>.
    This parameter adjusts the concentration of the
    Dirichlet-Multinomial distribution where a larger value of
    <inline-formula><alternatives><tex-math><![CDATA[\phi_{\text{inv}}]]></tex-math><mml:math xmlns:mml="http://www.w3.org/1998/Math/MathML" display="inline"><mml:msub><mml:mi>ϕ</mml:mi><mml:mtext mathvariant="normal">inv</mml:mtext></mml:msub></mml:math></alternatives></inline-formula>
    implies greater dispersion (more observational variance) and a
    smaller value of <inline-formula><alternatives><tex-math><![CDATA[\phi_{\text{inv}}]]></tex-math><mml:math xmlns:mml="http://www.w3.org/1998/Math/MathML" display="inline"><mml:msub><mml:mi>ϕ</mml:mi><mml:mtext mathvariant="normal">inv</mml:mtext></mml:msub></mml:math></alternatives></inline-formula>
    implies less overdispersion.</p>
      </sec>
    </sec>
    <sec id="data-and-likelihood">
      <title>Data and Likelihood</title>
      <p>The observed counts <inline-formula><alternatives><tex-math><![CDATA[\mathbf{y}_{n} = \left(y_{n,1}, \dots, y_{n,P}\right)]]></tex-math><mml:math xmlns:mml="http://www.w3.org/1998/Math/MathML" display="inline"><mml:mrow><mml:msub><mml:mi>𝐲</mml:mi><mml:mi>n</mml:mi></mml:msub><mml:mo>=</mml:mo><mml:mrow><mml:mo stretchy="true" form="prefix">(</mml:mo><mml:msub><mml:mi>y</mml:mi><mml:mrow><mml:mi>n</mml:mi><mml:mo>,</mml:mo><mml:mn>1</mml:mn></mml:mrow></mml:msub><mml:mo>,</mml:mo><mml:mi>…</mml:mi><mml:mo>,</mml:mo><mml:msub><mml:mi>y</mml:mi><mml:mrow><mml:mi>n</mml:mi><mml:mo>,</mml:mo><mml:mi>P</mml:mi></mml:mrow></mml:msub><mml:mo stretchy="true" form="postfix">)</mml:mo></mml:mrow></mml:mrow></mml:math></alternatives></inline-formula>
  are modeled using a Dirichlet-Multinomial distribution:</p>
      <p>
        <disp-formula>
          <alternatives>
            <tex-math><![CDATA[
  \mathbf{y}_{n} \sim \text{Dirichlet-Multinomial}\left(\sum_{p=1}^P y_{n,p}, \phi \cdot \boldsymbol{\pi}_{n}\right),
  ]]></tex-math>
            <mml:math xmlns:mml="http://www.w3.org/1998/Math/MathML" display="block">
              <mml:mrow>
                <mml:msub>
                  <mml:mi>𝐲</mml:mi>
                  <mml:mi>n</mml:mi>
                </mml:msub>
                <mml:mo>∼</mml:mo>
                <mml:mtext mathvariant="normal">Dirichlet-Multinomial</mml:mtext>
                <mml:mrow>
                  <mml:mo stretchy="true" form="prefix">(</mml:mo>
                  <mml:munderover>
                    <mml:mo>∑</mml:mo>
                    <mml:mrow>
                      <mml:mi>p</mml:mi>
                      <mml:mo>=</mml:mo>
                      <mml:mn>1</mml:mn>
                    </mml:mrow>
                    <mml:mi>P</mml:mi>
                  </mml:munderover>
                  <mml:msub>
                    <mml:mi>y</mml:mi>
                    <mml:mrow>
                      <mml:mi>n</mml:mi>
                      <mml:mo>,</mml:mo>
                      <mml:mi>p</mml:mi>
                    </mml:mrow>
                  </mml:msub>
                  <mml:mo>,</mml:mo>
                  <mml:mi>ϕ</mml:mi>
                  <mml:mo>⋅</mml:mo>
                  <mml:msub>
                    <mml:mi>𝛑</mml:mi>
                    <mml:mi>n</mml:mi>
                  </mml:msub>
                  <mml:mo stretchy="true" form="postfix">)</mml:mo>
                </mml:mrow>
                <mml:mo>,</mml:mo>
              </mml:mrow>
            </mml:math>
          </alternatives>
        </disp-formula>
      </p>
      <p>where <inline-formula><alternatives><tex-math><![CDATA[\boldsymbol{\pi}_{n} = \text{softmax}\left(\boldsymbol{\eta}_{n}\right)]]></tex-math><mml:math xmlns:mml="http://www.w3.org/1998/Math/MathML" display="inline"><mml:mrow><mml:msub><mml:mi>𝛑</mml:mi><mml:mi>n</mml:mi></mml:msub><mml:mo>=</mml:mo><mml:mtext mathvariant="normal">softmax</mml:mtext><mml:mrow><mml:mo stretchy="true" form="prefix">(</mml:mo><mml:msub><mml:mi>𝛈</mml:mi><mml:mi>n</mml:mi></mml:msub><mml:mo stretchy="true" form="postfix">)</mml:mo></mml:mrow></mml:mrow></mml:math></alternatives></inline-formula>
  and <inline-formula><alternatives><tex-math><![CDATA[\boldsymbol{\eta}_{n} = \left(\eta_{n,1}, \dots, \eta_{n,P}\right)]]></tex-math><mml:math xmlns:mml="http://www.w3.org/1998/Math/MathML" display="inline"><mml:mrow><mml:msub><mml:mi>𝛈</mml:mi><mml:mi>n</mml:mi></mml:msub><mml:mo>=</mml:mo><mml:mrow><mml:mo stretchy="true" form="prefix">(</mml:mo><mml:msub><mml:mi>η</mml:mi><mml:mrow><mml:mi>n</mml:mi><mml:mo>,</mml:mo><mml:mn>1</mml:mn></mml:mrow></mml:msub><mml:mo>,</mml:mo><mml:mi>…</mml:mi><mml:mo>,</mml:mo><mml:msub><mml:mi>η</mml:mi><mml:mrow><mml:mi>n</mml:mi><mml:mo>,</mml:mo><mml:mi>P</mml:mi></mml:mrow></mml:msub><mml:mo stretchy="true" form="postfix">)</mml:mo></mml:mrow></mml:mrow></mml:math></alternatives></inline-formula>
  includes the latent support, polling house effect, and event effect
  for each party:</p>
      <p>
        <disp-formula>
          <alternatives>
            <tex-math><![CDATA[
  \eta_{n,p} = \beta_{p, t_n} + \gamma_{p, h_n} + \beta^{\text{event}}_p \times s_{t_n}.
  ]]></tex-math>
            <mml:math xmlns:mml="http://www.w3.org/1998/Math/MathML" display="block">
              <mml:mrow>
                <mml:msub>
                  <mml:mi>η</mml:mi>
                  <mml:mrow>
                    <mml:mi>n</mml:mi>
                    <mml:mo>,</mml:mo>
                    <mml:mi>p</mml:mi>
                  </mml:mrow>
                </mml:msub>
                <mml:mo>=</mml:mo>
                <mml:msub>
                  <mml:mi>β</mml:mi>
                  <mml:mrow>
                    <mml:mi>p</mml:mi>
                    <mml:mo>,</mml:mo>
                    <mml:msub>
                      <mml:mi>t</mml:mi>
                      <mml:mi>n</mml:mi>
                    </mml:msub>
                  </mml:mrow>
                </mml:msub>
                <mml:mo>+</mml:mo>
                <mml:msub>
                  <mml:mi>γ</mml:mi>
                  <mml:mrow>
                    <mml:mi>p</mml:mi>
                    <mml:mo>,</mml:mo>
                    <mml:msub>
                      <mml:mi>h</mml:mi>
                      <mml:mi>n</mml:mi>
                    </mml:msub>
                  </mml:mrow>
                </mml:msub>
                <mml:mo>+</mml:mo>
                <mml:msubsup>
                  <mml:mi>β</mml:mi>
                  <mml:mi>p</mml:mi>
                  <mml:mtext mathvariant="normal">event</mml:mtext>
                </mml:msubsup>
                <mml:mo>×</mml:mo>
                <mml:msub>
                  <mml:mi>s</mml:mi>
                  <mml:msub>
                    <mml:mi>t</mml:mi>
                    <mml:mi>n</mml:mi>
                  </mml:msub>
                </mml:msub>
                <mml:mi>.</mml:mi>
              </mml:mrow>
            </mml:math>
          </alternatives>
        </disp-formula>
      </p>
      <p>Here, <inline-formula><alternatives><tex-math><![CDATA[t_n]]></tex-math><mml:math xmlns:mml="http://www.w3.org/1998/Math/MathML" display="inline"><mml:msub><mml:mi>t</mml:mi><mml:mi>n</mml:mi></mml:msub></mml:math></alternatives></inline-formula>
  is the date of poll <inline-formula><alternatives><tex-math><![CDATA[n]]></tex-math><mml:math xmlns:mml="http://www.w3.org/1998/Math/MathML" display="inline"><mml:mi>n</mml:mi></mml:math></alternatives></inline-formula>,
  and <inline-formula><alternatives><tex-math><![CDATA[h_n]]></tex-math><mml:math xmlns:mml="http://www.w3.org/1998/Math/MathML" display="inline"><mml:msub><mml:mi>h</mml:mi><mml:mi>n</mml:mi></mml:msub></mml:math></alternatives></inline-formula>
  is the polling house of poll <inline-formula><alternatives><tex-math><![CDATA[n]]></tex-math><mml:math xmlns:mml="http://www.w3.org/1998/Math/MathML" display="inline"><mml:mi>n</mml:mi></mml:math></alternatives></inline-formula>.</p>
    </sec>
    <sec id="predictions">
      <title>Predictions</title>
      <p>We then predict the true latent party support as</p>
      <p>
        <disp-formula>
          <alternatives>
            <tex-math><![CDATA[
  \mathbf{y}^*_{t} \sim \text{Dirichlet-Multinomial}\left(n_{\text{pred}}, \phi \cdot \boldsymbol{\pi}^*_{t}\right),
  ]]></tex-math>
            <mml:math xmlns:mml="http://www.w3.org/1998/Math/MathML" display="block">
              <mml:mrow>
                <mml:msubsup>
                  <mml:mi>𝐲</mml:mi>
                  <mml:mi>t</mml:mi>
                  <mml:mo>*</mml:mo>
                </mml:msubsup>
                <mml:mo>∼</mml:mo>
                <mml:mtext mathvariant="normal">Dirichlet-Multinomial</mml:mtext>
                <mml:mrow>
                  <mml:mo stretchy="true" form="prefix">(</mml:mo>
                  <mml:msub>
                    <mml:mi>n</mml:mi>
                    <mml:mtext mathvariant="normal">pred</mml:mtext>
                  </mml:msub>
                  <mml:mo>,</mml:mo>
                  <mml:mi>ϕ</mml:mi>
                  <mml:mo>⋅</mml:mo>
                  <mml:msubsup>
                    <mml:mi>𝛑</mml:mi>
                    <mml:mi>t</mml:mi>
                    <mml:mo>*</mml:mo>
                  </mml:msubsup>
                  <mml:mo stretchy="true" form="postfix">)</mml:mo>
                </mml:mrow>
                <mml:mo>,</mml:mo>
              </mml:mrow>
            </mml:math>
          </alternatives>
        </disp-formula>
      </p>
      <p>where <inline-formula><alternatives><tex-math><![CDATA[\boldsymbol{\pi}^*_{t} = \text{softmax}\left(\boldsymbol{\eta}^*_{t}\right)]]></tex-math><mml:math xmlns:mml="http://www.w3.org/1998/Math/MathML" display="inline"><mml:mrow><mml:msubsup><mml:mi>𝛑</mml:mi><mml:mi>t</mml:mi><mml:mo>*</mml:mo></mml:msubsup><mml:mo>=</mml:mo><mml:mtext mathvariant="normal">softmax</mml:mtext><mml:mrow><mml:mo stretchy="true" form="prefix">(</mml:mo><mml:msubsup><mml:mi>𝛈</mml:mi><mml:mi>t</mml:mi><mml:mo>*</mml:mo></mml:msubsup><mml:mo stretchy="true" form="postfix">)</mml:mo></mml:mrow></mml:mrow></mml:math></alternatives></inline-formula>
  and <inline-formula><alternatives><tex-math><![CDATA[\boldsymbol{\eta}^*_{t} = \left(\eta_{t,1}^*, \dots, \eta_{t,P}^*\right)]]></tex-math><mml:math xmlns:mml="http://www.w3.org/1998/Math/MathML" display="inline"><mml:mrow><mml:msubsup><mml:mi>𝛈</mml:mi><mml:mi>t</mml:mi><mml:mo>*</mml:mo></mml:msubsup><mml:mo>=</mml:mo><mml:mrow><mml:mo stretchy="true" form="prefix">(</mml:mo><mml:msubsup><mml:mi>η</mml:mi><mml:mrow><mml:mi>t</mml:mi><mml:mo>,</mml:mo><mml:mn>1</mml:mn></mml:mrow><mml:mo>*</mml:mo></mml:msubsup><mml:mo>,</mml:mo><mml:mi>…</mml:mi><mml:mo>,</mml:mo><mml:msubsup><mml:mi>η</mml:mi><mml:mrow><mml:mi>t</mml:mi><mml:mo>,</mml:mo><mml:mi>P</mml:mi></mml:mrow><mml:mo>*</mml:mo></mml:msubsup><mml:mo stretchy="true" form="postfix">)</mml:mo></mml:mrow></mml:mrow></mml:math></alternatives></inline-formula>
  includes the latent support and event effect for each party, but not
  the house effects:</p>
      <p>
        <disp-formula>
          <alternatives>
            <tex-math><![CDATA[
  \eta_{t,p}^* = \beta_{p, t} + \beta^{\text{event}}_p \times s_{t}.
  ]]></tex-math>
            <mml:math xmlns:mml="http://www.w3.org/1998/Math/MathML" display="block">
              <mml:mrow>
                <mml:msubsup>
                  <mml:mi>η</mml:mi>
                  <mml:mrow>
                    <mml:mi>t</mml:mi>
                    <mml:mo>,</mml:mo>
                    <mml:mi>p</mml:mi>
                  </mml:mrow>
                  <mml:mo>*</mml:mo>
                </mml:msubsup>
                <mml:mo>=</mml:mo>
                <mml:msub>
                  <mml:mi>β</mml:mi>
                  <mml:mrow>
                    <mml:mi>p</mml:mi>
                    <mml:mo>,</mml:mo>
                    <mml:mi>t</mml:mi>
                  </mml:mrow>
                </mml:msub>
                <mml:mo>+</mml:mo>
                <mml:msubsup>
                  <mml:mi>β</mml:mi>
                  <mml:mi>p</mml:mi>
                  <mml:mtext mathvariant="normal">event</mml:mtext>
                </mml:msubsup>
                <mml:mo>×</mml:mo>
                <mml:msub>
                  <mml:mi>s</mml:mi>
                  <mml:mi>t</mml:mi>
                </mml:msub>
                <mml:mi>.</mml:mi>
              </mml:mrow>
            </mml:math>
          </alternatives>
        </disp-formula>
      </p>
    </sec>
    <sec id="prior-distributions">
      <title>Prior Distributions</title>
      <p>The priors are specified as follows:</p>
      <list list-type="bullet">
        <list-item>
          <p><bold>Initial Party Effects</bold>:
      <inline-formula><alternatives><tex-math><![CDATA[\beta_{0,p} \sim \mathcal{N}(0, 1)]]></tex-math><mml:math xmlns:mml="http://www.w3.org/1998/Math/MathML" display="inline"><mml:mrow><mml:msub><mml:mi>β</mml:mi><mml:mrow><mml:mn>0</mml:mn><mml:mo>,</mml:mo><mml:mi>p</mml:mi></mml:mrow></mml:msub><mml:mo>∼</mml:mo><mml:mi>𝒩</mml:mi><mml:mrow><mml:mo stretchy="true" form="prefix">(</mml:mo><mml:mn>0</mml:mn><mml:mo>,</mml:mo><mml:mn>1</mml:mn><mml:mo stretchy="true" form="postfix">)</mml:mo></mml:mrow></mml:mrow></mml:math></alternatives></inline-formula>.</p>
        </list-item>
        <list-item>
          <p><bold>Random Walk Innovations</bold>:
      <inline-formula><alternatives><tex-math><![CDATA[\epsilon_{p,t} \sim t_3\left(0, \sigma_p \sqrt{\Delta_t}\right)]]></tex-math><mml:math xmlns:mml="http://www.w3.org/1998/Math/MathML" display="inline"><mml:mrow><mml:msub><mml:mi>ϵ</mml:mi><mml:mrow><mml:mi>p</mml:mi><mml:mo>,</mml:mo><mml:mi>t</mml:mi></mml:mrow></mml:msub><mml:mo>∼</mml:mo><mml:msub><mml:mi>t</mml:mi><mml:mn>3</mml:mn></mml:msub><mml:mrow><mml:mo stretchy="true" form="prefix">(</mml:mo><mml:mn>0</mml:mn><mml:mo>,</mml:mo><mml:msub><mml:mi>σ</mml:mi><mml:mi>p</mml:mi></mml:msub><mml:msqrt><mml:msub><mml:mi>Δ</mml:mi><mml:mi>t</mml:mi></mml:msub></mml:msqrt><mml:mo stretchy="true" form="postfix">)</mml:mo></mml:mrow></mml:mrow></mml:math></alternatives></inline-formula>.</p>
        </list-item>
        <list-item>
          <p><bold>Polling House Effects</bold>:
      <inline-formula><alternatives><tex-math><![CDATA[\gamma_{p,h} \sim \mathcal{N}\left(0, \sigma_{\text{house}}^2\right)]]></tex-math><mml:math xmlns:mml="http://www.w3.org/1998/Math/MathML" display="inline"><mml:mrow><mml:msub><mml:mi>γ</mml:mi><mml:mrow><mml:mi>p</mml:mi><mml:mo>,</mml:mo><mml:mi>h</mml:mi></mml:mrow></mml:msub><mml:mo>∼</mml:mo><mml:mi>𝒩</mml:mi><mml:mrow><mml:mo stretchy="true" form="prefix">(</mml:mo><mml:mn>0</mml:mn><mml:mo>,</mml:mo><mml:msubsup><mml:mi>σ</mml:mi><mml:mtext mathvariant="normal">house</mml:mtext><mml:mn>2</mml:mn></mml:msubsup><mml:mo stretchy="true" form="postfix">)</mml:mo></mml:mrow></mml:mrow></mml:math></alternatives></inline-formula>
      for <inline-formula><alternatives><tex-math><![CDATA[h = 2, \dots, H]]></tex-math><mml:math xmlns:mml="http://www.w3.org/1998/Math/MathML" display="inline"><mml:mrow><mml:mi>h</mml:mi><mml:mo>=</mml:mo><mml:mn>2</mml:mn><mml:mo>,</mml:mo><mml:mi>…</mml:mi><mml:mo>,</mml:mo><mml:mi>H</mml:mi></mml:mrow></mml:math></alternatives></inline-formula>.</p>
        </list-item>
        <list-item>
          <p><bold>Scale Parameters</bold>: <inline-formula><alternatives><tex-math><![CDATA[\sigma_p \sim \text{Exponential}(1)]]></tex-math><mml:math xmlns:mml="http://www.w3.org/1998/Math/MathML" display="inline"><mml:mrow><mml:msub><mml:mi>σ</mml:mi><mml:mi>p</mml:mi></mml:msub><mml:mo>∼</mml:mo><mml:mtext mathvariant="normal">Exponential</mml:mtext><mml:mrow><mml:mo stretchy="true" form="prefix">(</mml:mo><mml:mn>1</mml:mn><mml:mo stretchy="true" form="postfix">)</mml:mo></mml:mrow></mml:mrow></mml:math></alternatives></inline-formula>.</p>
        </list-item>
        <list-item>
          <p><bold>Overdispersion Parameter Inverse</bold>:
      <inline-formula><alternatives><tex-math><![CDATA[\phi_{\text{inv}} \sim \text{Exponential}(1)]]></tex-math><mml:math xmlns:mml="http://www.w3.org/1998/Math/MathML" display="inline"><mml:mrow><mml:msub><mml:mi>ϕ</mml:mi><mml:mtext mathvariant="normal">inv</mml:mtext></mml:msub><mml:mo>∼</mml:mo><mml:mtext mathvariant="normal">Exponential</mml:mtext><mml:mrow><mml:mo stretchy="true" form="prefix">(</mml:mo><mml:mn>1</mml:mn><mml:mo stretchy="true" form="postfix">)</mml:mo></mml:mrow></mml:mrow></mml:math></alternatives></inline-formula>.</p>
        </list-item>
        <list-item>
          <p><bold>Event Effects</bold>: <inline-formula><alternatives><tex-math><![CDATA[\beta^{\text{event}}_p \sim \mathcal{N}\left(0, \sigma_{\text{event}}^2\right)]]></tex-math><mml:math xmlns:mml="http://www.w3.org/1998/Math/MathML" display="inline"><mml:mrow><mml:msubsup><mml:mi>β</mml:mi><mml:mi>p</mml:mi><mml:mtext mathvariant="normal">event</mml:mtext></mml:msubsup><mml:mo>∼</mml:mo><mml:mi>𝒩</mml:mi><mml:mrow><mml:mo stretchy="true" form="prefix">(</mml:mo><mml:mn>0</mml:mn><mml:mo>,</mml:mo><mml:msubsup><mml:mi>σ</mml:mi><mml:mtext mathvariant="normal">event</mml:mtext><mml:mn>2</mml:mn></mml:msubsup><mml:mo stretchy="true" form="postfix">)</mml:mo></mml:mrow></mml:mrow></mml:math></alternatives></inline-formula>.</p>
        </list-item>
      </list>
    </sec>
    <sec id="inference">
      <title>Inference</title>
      <p>Bayesian inference is performed using Markov Chain Monte Carlo
  (MCMC) sampling via Stan. Posterior distributions of the latent
  variables <inline-formula><alternatives><tex-math><![CDATA[\beta_{p,t}]]></tex-math><mml:math xmlns:mml="http://www.w3.org/1998/Math/MathML" display="inline"><mml:msub><mml:mi>β</mml:mi><mml:mrow><mml:mi>p</mml:mi><mml:mo>,</mml:mo><mml:mi>t</mml:mi></mml:mrow></mml:msub></mml:math></alternatives></inline-formula>,
  <inline-formula><alternatives><tex-math><![CDATA[\gamma_{p,h}]]></tex-math><mml:math xmlns:mml="http://www.w3.org/1998/Math/MathML" display="inline"><mml:msub><mml:mi>γ</mml:mi><mml:mrow><mml:mi>p</mml:mi><mml:mo>,</mml:mo><mml:mi>h</mml:mi></mml:mrow></mml:msub></mml:math></alternatives></inline-formula>,
  and <inline-formula><alternatives><tex-math><![CDATA[\beta^{\text{event}}_p]]></tex-math><mml:math xmlns:mml="http://www.w3.org/1998/Math/MathML" display="inline"><mml:msubsup><mml:mi>β</mml:mi><mml:mi>p</mml:mi><mml:mtext mathvariant="normal">event</mml:mtext></mml:msubsup></mml:math></alternatives></inline-formula>
  are obtained, allowing for probabilistic forecasting of election
  outcomes. The overdispersion parameter <inline-formula><alternatives><tex-math><![CDATA[\phi]]></tex-math><mml:math xmlns:mml="http://www.w3.org/1998/Math/MathML" display="inline"><mml:mi>ϕ</mml:mi></mml:math></alternatives></inline-formula>
  helps in capturing extra variability in the polling data beyond the
  multinomial assumption.</p>
    </sec>
    <sec id="posterior-predictive-checks">
      <title>Posterior Predictive Checks</title>
      <p>To assess the model’s fit, posterior predictive simulations are
  conducted:</p>
      <p>
        <disp-formula>
          <alternatives>
            <tex-math><![CDATA[
  \mathbf{y}_{\text{rep}, d} \sim \text{Dirichlet-Multinomial}\left(n_{\text{pred}}, \phi \cdot \boldsymbol{\pi}_{d}\right), \quad d = 1, \dots, D+1,
  ]]></tex-math>
            <mml:math xmlns:mml="http://www.w3.org/1998/Math/MathML" display="block">
              <mml:mrow>
                <mml:msub>
                  <mml:mi>𝐲</mml:mi>
                  <mml:mrow>
                    <mml:mtext mathvariant="normal">rep</mml:mtext>
                    <mml:mo>,</mml:mo>
                    <mml:mi>d</mml:mi>
                  </mml:mrow>
                </mml:msub>
                <mml:mo>∼</mml:mo>
                <mml:mtext mathvariant="normal">Dirichlet-Multinomial</mml:mtext>
                <mml:mrow>
                  <mml:mo stretchy="true" form="prefix">(</mml:mo>
                  <mml:msub>
                    <mml:mi>n</mml:mi>
                    <mml:mtext mathvariant="normal">pred</mml:mtext>
                  </mml:msub>
                  <mml:mo>,</mml:mo>
                  <mml:mi>ϕ</mml:mi>
                  <mml:mo>⋅</mml:mo>
                  <mml:msub>
                    <mml:mi>𝛑</mml:mi>
                    <mml:mi>d</mml:mi>
                  </mml:msub>
                  <mml:mo stretchy="true" form="postfix">)</mml:mo>
                </mml:mrow>
                <mml:mo>,</mml:mo>
                <mml:mspace width="1.0em"/>
                <mml:mi>d</mml:mi>
                <mml:mo>=</mml:mo>
                <mml:mn>1</mml:mn>
                <mml:mo>,</mml:mo>
                <mml:mi>…</mml:mi>
                <mml:mo>,</mml:mo>
                <mml:mi>D</mml:mi>
                <mml:mo>+</mml:mo>
                <mml:mn>1</mml:mn>
                <mml:mo>,</mml:mo>
              </mml:mrow>
            </mml:math>
          </alternatives>
        </disp-formula>
      </p>
      <p>where <inline-formula><alternatives><tex-math><![CDATA[\boldsymbol{\pi}_{d} = \text{softmax}\left(\boldsymbol{\beta}_{d}\right)]]></tex-math><mml:math xmlns:mml="http://www.w3.org/1998/Math/MathML" display="inline"><mml:mrow><mml:msub><mml:mi>𝛑</mml:mi><mml:mi>d</mml:mi></mml:msub><mml:mo>=</mml:mo><mml:mtext mathvariant="normal">softmax</mml:mtext><mml:mrow><mml:mo stretchy="true" form="prefix">(</mml:mo><mml:msub><mml:mi>𝛃</mml:mi><mml:mi>d</mml:mi></mml:msub><mml:mo stretchy="true" form="postfix">)</mml:mo></mml:mrow></mml:mrow></mml:math></alternatives></inline-formula>
  and <inline-formula><alternatives><tex-math><![CDATA[\boldsymbol{\beta}_{d} = \left(\beta_{1,d}, \dots, \beta_{P,d}\right)]]></tex-math><mml:math xmlns:mml="http://www.w3.org/1998/Math/MathML" display="inline"><mml:mrow><mml:msub><mml:mi>𝛃</mml:mi><mml:mi>d</mml:mi></mml:msub><mml:mo>=</mml:mo><mml:mrow><mml:mo stretchy="true" form="prefix">(</mml:mo><mml:msub><mml:mi>β</mml:mi><mml:mrow><mml:mn>1</mml:mn><mml:mo>,</mml:mo><mml:mi>d</mml:mi></mml:mrow></mml:msub><mml:mo>,</mml:mo><mml:mi>…</mml:mi><mml:mo>,</mml:mo><mml:msub><mml:mi>β</mml:mi><mml:mrow><mml:mi>P</mml:mi><mml:mo>,</mml:mo><mml:mi>d</mml:mi></mml:mrow></mml:msub><mml:mo stretchy="true" form="postfix">)</mml:mo></mml:mrow></mml:mrow></mml:math></alternatives></inline-formula>.</p>
      <p>These simulations generate replicated data under the model to
  compare with the observed data, aiding in the evaluation of model
  adequacy.</p>
    </sec>
    <sec id="conclusion">
      <title>Conclusion</title>
      <p>The dynamic linear model effectively captures the temporal
  evolution of party support, adjusts for polling house biases, accounts
  for overdispersion in the data, and incorporates the effects of
  significant political events. By leveraging Bayesian methods, we
  obtain a comprehensive probabilistic forecast of the election
  outcomes, accounting for uncertainty in the estimates.</p>
    </sec>
  </body>
  <back>
</back>
</article>
