<?xml version="1.0" encoding="utf-8"?>
<!DOCTYPE article PUBLIC "-//NLM//DTD JATS (Z39.96) Journal Archiving
and Interchange DTD v1.2 20190208//EN" "JATS-archivearticle1.dtd">
<article xmlns:mml="http://www.w3.org/1998/Math/MathML" xmlns:xlink="http://www.w3.org/1999/xlink" dtd-version="1.2" article-type="other">
  <front>
    <article-meta>
      <history/>
    </article-meta>
  </front>
  <body>
    <sec id="introduction">
      <title>Introduction</title>
      <p>This report outlines the methodology behind forecasting the outcome
  of the upcoming Icelandic Parliamentary Elections scheduled for
  November 30th. The forecast is based on a dynamic linear model
  implemented in Stan, incorporating polling data over time and
  adjusting for polling house effects while accounting for
  overdispersion.</p>
    </sec>
    <sec id="model-specification">
      <title>Model Specification</title>
      <p>We model the polling percentages for each political party over time
  using a dynamic linear model with a Dirichlet-Multinomial observation
  component. The model captures the evolution of party support and
  accounts for variations between different polling houses.</p>
      <sec id="notation">
        <title>Notation</title>
        <sec id="input-data">
          <title>Input Data</title>
          <list list-type="bullet">
            <list-item>
              <p><inline-formula><alternatives><tex-math><![CDATA[P]]></tex-math><mml:math xmlns:mml="http://www.w3.org/1998/Math/MathML" display="inline"><mml:mi>P</mml:mi></mml:math></alternatives></inline-formula>:
          Number of political parties <italic>(including the Other
          category)</italic></p>
            </list-item>
            <list-item>
              <p><inline-formula><alternatives><tex-math><![CDATA[T]]></tex-math><mml:math xmlns:mml="http://www.w3.org/1998/Math/MathML" display="inline"><mml:mi>T</mml:mi></mml:math></alternatives></inline-formula>:
          Number of time points (dates) at which we have polling
          data</p>
            </list-item>
            <list-item>
              <p><inline-formula><alternatives><tex-math><![CDATA[H]]></tex-math><mml:math xmlns:mml="http://www.w3.org/1998/Math/MathML" display="inline"><mml:mi>H</mml:mi></mml:math></alternatives></inline-formula>:
          Number of polling houses</p>
            </list-item>
            <list-item>
              <p><inline-formula><alternatives><tex-math><![CDATA[N]]></tex-math><mml:math xmlns:mml="http://www.w3.org/1998/Math/MathML" display="inline"><mml:mi>N</mml:mi></mml:math></alternatives></inline-formula>:
          Number of observations (polls)</p>
            </list-item>
            <list-item>
              <p><inline-formula><alternatives><tex-math><![CDATA[y_{n,p}]]></tex-math><mml:math xmlns:mml="http://www.w3.org/1998/Math/MathML" display="inline"><mml:msub><mml:mi>y</mml:mi><mml:mrow><mml:mi>n</mml:mi><mml:mo>,</mml:mo><mml:mi>p</mml:mi></mml:mrow></mml:msub></mml:math></alternatives></inline-formula>:
          Count of responses for party <inline-formula><alternatives><tex-math><![CDATA[p]]></tex-math><mml:math xmlns:mml="http://www.w3.org/1998/Math/MathML" display="inline"><mml:mi>p</mml:mi></mml:math></alternatives></inline-formula>
          in poll <inline-formula><alternatives><tex-math><![CDATA[n]]></tex-math><mml:math xmlns:mml="http://www.w3.org/1998/Math/MathML" display="inline"><mml:mi>n</mml:mi></mml:math></alternatives></inline-formula></p>
            </list-item>
            <list-item>
              <p><inline-formula><alternatives><tex-math><![CDATA[\Delta_t]]></tex-math><mml:math xmlns:mml="http://www.w3.org/1998/Math/MathML" display="inline"><mml:msub><mml:mi>Δ</mml:mi><mml:mi>t</mml:mi></mml:msub></mml:math></alternatives></inline-formula>:
          The time difference between polls at
          <inline-formula><alternatives><tex-math><![CDATA[t-1]]></tex-math><mml:math xmlns:mml="http://www.w3.org/1998/Math/MathML" display="inline"><mml:mrow><mml:mi>t</mml:mi><mml:mo>−</mml:mo><mml:mn>1</mml:mn></mml:mrow></mml:math></alternatives></inline-formula>
          and <inline-formula><alternatives><tex-math><![CDATA[t]]></tex-math><mml:math xmlns:mml="http://www.w3.org/1998/Math/MathML" display="inline"><mml:mi>t</mml:mi></mml:math></alternatives></inline-formula>
          in days</p>
            </list-item>
          </list>
        </sec>
        <sec id="parameters">
          <title>Parameters</title>
          <list list-type="bullet">
            <list-item>
              <p><inline-formula><alternatives><tex-math><![CDATA[\beta_{p,t}]]></tex-math><mml:math xmlns:mml="http://www.w3.org/1998/Math/MathML" display="inline"><mml:msub><mml:mi>β</mml:mi><mml:mrow><mml:mi>p</mml:mi><mml:mo>,</mml:mo><mml:mi>t</mml:mi></mml:mrow></mml:msub></mml:math></alternatives></inline-formula>:
          Latent support for party <inline-formula><alternatives><tex-math><![CDATA[p]]></tex-math><mml:math xmlns:mml="http://www.w3.org/1998/Math/MathML" display="inline"><mml:mi>p</mml:mi></mml:math></alternatives></inline-formula>
          at time <inline-formula><alternatives><tex-math><![CDATA[t]]></tex-math><mml:math xmlns:mml="http://www.w3.org/1998/Math/MathML" display="inline"><mml:mi>t</mml:mi></mml:math></alternatives></inline-formula>
          (for <inline-formula><alternatives><tex-math><![CDATA[p = 2,\ldots,P]]></tex-math><mml:math xmlns:mml="http://www.w3.org/1998/Math/MathML" display="inline"><mml:mrow><mml:mi>p</mml:mi><mml:mo>=</mml:mo><mml:mn>2</mml:mn><mml:mo>,</mml:mo><mml:mi>…</mml:mi><mml:mo>,</mml:mo><mml:mi>P</mml:mi></mml:mrow></mml:math></alternatives></inline-formula>)</p>
            </list-item>
            <list-item>
              <p><inline-formula><alternatives><tex-math><![CDATA[\gamma_{p,h}]]></tex-math><mml:math xmlns:mml="http://www.w3.org/1998/Math/MathML" display="inline"><mml:msub><mml:mi>γ</mml:mi><mml:mrow><mml:mi>p</mml:mi><mml:mo>,</mml:mo><mml:mi>h</mml:mi></mml:mrow></mml:msub></mml:math></alternatives></inline-formula>:
          Effect of polling house <inline-formula><alternatives><tex-math><![CDATA[h]]></tex-math><mml:math xmlns:mml="http://www.w3.org/1998/Math/MathML" display="inline"><mml:mi>h</mml:mi></mml:math></alternatives></inline-formula>
          for party <inline-formula><alternatives><tex-math><![CDATA[p]]></tex-math><mml:math xmlns:mml="http://www.w3.org/1998/Math/MathML" display="inline"><mml:mi>p</mml:mi></mml:math></alternatives></inline-formula>
          (for <inline-formula><alternatives><tex-math><![CDATA[p = 2,\ldots,P]]></tex-math><mml:math xmlns:mml="http://www.w3.org/1998/Math/MathML" display="inline"><mml:mrow><mml:mi>p</mml:mi><mml:mo>=</mml:mo><mml:mn>2</mml:mn><mml:mo>,</mml:mo><mml:mi>…</mml:mi><mml:mo>,</mml:mo><mml:mi>P</mml:mi></mml:mrow></mml:math></alternatives></inline-formula>)</p>
            </list-item>
            <list-item>
              <p><inline-formula><alternatives><tex-math><![CDATA[\mu_{\gamma,p}]]></tex-math><mml:math xmlns:mml="http://www.w3.org/1998/Math/MathML" display="inline"><mml:msub><mml:mi>μ</mml:mi><mml:mrow><mml:mi>γ</mml:mi><mml:mo>,</mml:mo><mml:mi>p</mml:mi></mml:mrow></mml:msub></mml:math></alternatives></inline-formula>:
          Mean house effect for party <inline-formula><alternatives><tex-math><![CDATA[p]]></tex-math><mml:math xmlns:mml="http://www.w3.org/1998/Math/MathML" display="inline"><mml:mi>p</mml:mi></mml:math></alternatives></inline-formula></p>
            </list-item>
            <list-item>
              <p><inline-formula><alternatives><tex-math><![CDATA[\sigma_{\gamma,p}]]></tex-math><mml:math xmlns:mml="http://www.w3.org/1998/Math/MathML" display="inline"><mml:msub><mml:mi>σ</mml:mi><mml:mrow><mml:mi>γ</mml:mi><mml:mo>,</mml:mo><mml:mi>p</mml:mi></mml:mrow></mml:msub></mml:math></alternatives></inline-formula>:
          Scale of house effects for party
          <inline-formula><alternatives><tex-math><![CDATA[p]]></tex-math><mml:math xmlns:mml="http://www.w3.org/1998/Math/MathML" display="inline"><mml:mi>p</mml:mi></mml:math></alternatives></inline-formula></p>
            </list-item>
            <list-item>
              <p><inline-formula><alternatives><tex-math><![CDATA[\sigma_p]]></tex-math><mml:math xmlns:mml="http://www.w3.org/1998/Math/MathML" display="inline"><mml:msub><mml:mi>σ</mml:mi><mml:mi>p</mml:mi></mml:msub></mml:math></alternatives></inline-formula>:
          Scale parameter for the random walk of party
          <inline-formula><alternatives><tex-math><![CDATA[p]]></tex-math><mml:math xmlns:mml="http://www.w3.org/1998/Math/MathML" display="inline"><mml:mi>p</mml:mi></mml:math></alternatives></inline-formula></p>
            </list-item>
            <list-item>
              <p><inline-formula><alternatives><tex-math><![CDATA[\phi]]></tex-math><mml:math xmlns:mml="http://www.w3.org/1998/Math/MathML" display="inline"><mml:mi>ϕ</mml:mi></mml:math></alternatives></inline-formula>:
          Overdispersion parameter</p>
            </list-item>
          </list>
        </sec>
      </sec>
      <sec id="dynamic-party-effects">
        <title>Dynamic Party Effects</title>
        <p>The latent support for each party (except the reference category)
    evolves over time following a random walk with scaled
    innovations:</p>
        <p>
          <disp-formula>
            <alternatives>
              <tex-math><![CDATA[
    \beta_{p,1} = \beta_{p}^{(0)}, \quad \beta_{p,t} = \beta_{p,t-1} + \sigma_p z_{p,t} \sqrt{\Delta_t} \quad \text{for } t = 2, \dots, T, \quad p=1, \dots, P - 1
    ]]></tex-math>
              <mml:math xmlns:mml="http://www.w3.org/1998/Math/MathML" display="block">
                <mml:mrow>
                  <mml:msub>
                    <mml:mi>β</mml:mi>
                    <mml:mrow>
                      <mml:mi>p</mml:mi>
                      <mml:mo>,</mml:mo>
                      <mml:mn>1</mml:mn>
                    </mml:mrow>
                  </mml:msub>
                  <mml:mo>=</mml:mo>
                  <mml:msubsup>
                    <mml:mi>β</mml:mi>
                    <mml:mi>p</mml:mi>
                    <mml:mrow>
                      <mml:mo stretchy="true" form="prefix">(</mml:mo>
                      <mml:mn>0</mml:mn>
                      <mml:mo stretchy="true" form="postfix">)</mml:mo>
                    </mml:mrow>
                  </mml:msubsup>
                  <mml:mo>,</mml:mo>
                  <mml:mspace width="1.0em"/>
                  <mml:msub>
                    <mml:mi>β</mml:mi>
                    <mml:mrow>
                      <mml:mi>p</mml:mi>
                      <mml:mo>,</mml:mo>
                      <mml:mi>t</mml:mi>
                    </mml:mrow>
                  </mml:msub>
                  <mml:mo>=</mml:mo>
                  <mml:msub>
                    <mml:mi>β</mml:mi>
                    <mml:mrow>
                      <mml:mi>p</mml:mi>
                      <mml:mo>,</mml:mo>
                      <mml:mi>t</mml:mi>
                      <mml:mo>−</mml:mo>
                      <mml:mn>1</mml:mn>
                    </mml:mrow>
                  </mml:msub>
                  <mml:mo>+</mml:mo>
                  <mml:msub>
                    <mml:mi>σ</mml:mi>
                    <mml:mi>p</mml:mi>
                  </mml:msub>
                  <mml:msub>
                    <mml:mi>z</mml:mi>
                    <mml:mrow>
                      <mml:mi>p</mml:mi>
                      <mml:mo>,</mml:mo>
                      <mml:mi>t</mml:mi>
                    </mml:mrow>
                  </mml:msub>
                  <mml:msqrt>
                    <mml:msub>
                      <mml:mi>Δ</mml:mi>
                      <mml:mi>t</mml:mi>
                    </mml:msub>
                  </mml:msqrt>
                  <mml:mspace width="1.0em"/>
                  <mml:mrow>
                    <mml:mtext mathvariant="normal">for </mml:mtext>
                    <mml:mspace width="0.333em"/>
                  </mml:mrow>
                  <mml:mi>t</mml:mi>
                  <mml:mo>=</mml:mo>
                  <mml:mn>2</mml:mn>
                  <mml:mo>,</mml:mo>
                  <mml:mi>…</mml:mi>
                  <mml:mo>,</mml:mo>
                  <mml:mi>T</mml:mi>
                  <mml:mo>,</mml:mo>
                  <mml:mspace width="1.0em"/>
                  <mml:mi>p</mml:mi>
                  <mml:mo>=</mml:mo>
                  <mml:mn>1</mml:mn>
                  <mml:mo>,</mml:mo>
                  <mml:mi>…</mml:mi>
                  <mml:mo>,</mml:mo>
                  <mml:mi>P</mml:mi>
                  <mml:mo>−</mml:mo>
                  <mml:mn>1</mml:mn>
                </mml:mrow>
              </mml:math>
            </alternatives>
          </disp-formula>
        </p>
        <p>where <inline-formula><alternatives><tex-math><![CDATA[z_{p,t} \sim \mathcal{N}(0, 1)]]></tex-math><mml:math xmlns:mml="http://www.w3.org/1998/Math/MathML" display="inline"><mml:mrow><mml:msub><mml:mi>z</mml:mi><mml:mrow><mml:mi>p</mml:mi><mml:mo>,</mml:mo><mml:mi>t</mml:mi></mml:mrow></mml:msub><mml:mo>∼</mml:mo><mml:mi>𝒩</mml:mi><mml:mrow><mml:mo stretchy="true" form="prefix">(</mml:mo><mml:mn>0</mml:mn><mml:mo>,</mml:mo><mml:mn>1</mml:mn><mml:mo stretchy="true" form="postfix">)</mml:mo></mml:mrow></mml:mrow></mml:math></alternatives></inline-formula>
    and <inline-formula><alternatives><tex-math><![CDATA[\sqrt{\Delta_t}]]></tex-math><mml:math xmlns:mml="http://www.w3.org/1998/Math/MathML" display="inline"><mml:msqrt><mml:msub><mml:mi>Δ</mml:mi><mml:mi>t</mml:mi></mml:msub></mml:msqrt></mml:math></alternatives></inline-formula>
    scales the innovations according to the time difference between
    polls.</p>
      </sec>
      <sec id="polling-house-effects">
        <title>Polling House Effects</title>
        <p>Polling house effects are modeled hierarchically to account for
    systematic biases:</p>
        <p>
          <disp-formula>
            <alternatives>
              <tex-math><![CDATA[
    \gamma_{p,1} = 0, \quad \gamma_{p,h} = \mu_{\gamma,p} + \sigma_{\gamma,p} \tilde{\gamma}_{p,h} \quad \text{for } h = 2, \dots, H,
    ]]></tex-math>
              <mml:math xmlns:mml="http://www.w3.org/1998/Math/MathML" display="block">
                <mml:mrow>
                  <mml:msub>
                    <mml:mi>γ</mml:mi>
                    <mml:mrow>
                      <mml:mi>p</mml:mi>
                      <mml:mo>,</mml:mo>
                      <mml:mn>1</mml:mn>
                    </mml:mrow>
                  </mml:msub>
                  <mml:mo>=</mml:mo>
                  <mml:mn>0</mml:mn>
                  <mml:mo>,</mml:mo>
                  <mml:mspace width="1.0em"/>
                  <mml:msub>
                    <mml:mi>γ</mml:mi>
                    <mml:mrow>
                      <mml:mi>p</mml:mi>
                      <mml:mo>,</mml:mo>
                      <mml:mi>h</mml:mi>
                    </mml:mrow>
                  </mml:msub>
                  <mml:mo>=</mml:mo>
                  <mml:msub>
                    <mml:mi>μ</mml:mi>
                    <mml:mrow>
                      <mml:mi>γ</mml:mi>
                      <mml:mo>,</mml:mo>
                      <mml:mi>p</mml:mi>
                    </mml:mrow>
                  </mml:msub>
                  <mml:mo>+</mml:mo>
                  <mml:msub>
                    <mml:mi>σ</mml:mi>
                    <mml:mrow>
                      <mml:mi>γ</mml:mi>
                      <mml:mo>,</mml:mo>
                      <mml:mi>p</mml:mi>
                    </mml:mrow>
                  </mml:msub>
                  <mml:msub>
                    <mml:mover>
                      <mml:mi>γ</mml:mi>
                      <mml:mo accent="true">̃</mml:mo>
                    </mml:mover>
                    <mml:mrow>
                      <mml:mi>p</mml:mi>
                      <mml:mo>,</mml:mo>
                      <mml:mi>h</mml:mi>
                    </mml:mrow>
                  </mml:msub>
                  <mml:mspace width="1.0em"/>
                  <mml:mrow>
                    <mml:mtext mathvariant="normal">for </mml:mtext>
                    <mml:mspace width="0.333em"/>
                  </mml:mrow>
                  <mml:mi>h</mml:mi>
                  <mml:mo>=</mml:mo>
                  <mml:mn>2</mml:mn>
                  <mml:mo>,</mml:mo>
                  <mml:mi>…</mml:mi>
                  <mml:mo>,</mml:mo>
                  <mml:mi>H</mml:mi>
                  <mml:mo>,</mml:mo>
                </mml:mrow>
              </mml:math>
            </alternatives>
          </disp-formula>
        </p>
        <p>where <inline-formula><alternatives><tex-math><![CDATA[\tilde{\gamma}_{p,h} \sim \mathcal{N}(0, 1)]]></tex-math><mml:math xmlns:mml="http://www.w3.org/1998/Math/MathML" display="inline"><mml:mrow><mml:msub><mml:mover><mml:mi>γ</mml:mi><mml:mo accent="true">̃</mml:mo></mml:mover><mml:mrow><mml:mi>p</mml:mi><mml:mo>,</mml:mo><mml:mi>h</mml:mi></mml:mrow></mml:msub><mml:mo>∼</mml:mo><mml:mi>𝒩</mml:mi><mml:mrow><mml:mo stretchy="true" form="prefix">(</mml:mo><mml:mn>0</mml:mn><mml:mo>,</mml:mo><mml:mn>1</mml:mn><mml:mo stretchy="true" form="postfix">)</mml:mo></mml:mrow></mml:mrow></mml:math></alternatives></inline-formula>.
    The parameters <inline-formula><alternatives><tex-math><![CDATA[\mu_{\gamma,p}]]></tex-math><mml:math xmlns:mml="http://www.w3.org/1998/Math/MathML" display="inline"><mml:msub><mml:mi>μ</mml:mi><mml:mrow><mml:mi>γ</mml:mi><mml:mo>,</mml:mo><mml:mi>p</mml:mi></mml:mrow></mml:msub></mml:math></alternatives></inline-formula>
    and <inline-formula><alternatives><tex-math><![CDATA[\sigma_{\gamma,p}]]></tex-math><mml:math xmlns:mml="http://www.w3.org/1998/Math/MathML" display="inline"><mml:msub><mml:mi>σ</mml:mi><mml:mrow><mml:mi>γ</mml:mi><mml:mo>,</mml:mo><mml:mi>p</mml:mi></mml:mrow></mml:msub></mml:math></alternatives></inline-formula>
    control the mean and variability of polling house effects for each
    party.</p>
        <p>Elections are set to be the first polling house and therefore
    <inline-formula><alternatives><tex-math><![CDATA[\gamma_{p,1} = 0]]></tex-math><mml:math xmlns:mml="http://www.w3.org/1998/Math/MathML" display="inline"><mml:mrow><mml:msub><mml:mi>γ</mml:mi><mml:mrow><mml:mi>p</mml:mi><mml:mo>,</mml:mo><mml:mn>1</mml:mn></mml:mrow></mml:msub><mml:mo>=</mml:mo><mml:mn>0</mml:mn></mml:mrow></mml:math></alternatives></inline-formula>.</p>
      </sec>
      <sec id="overdispersion">
        <title>Overdispersion</title>
        <p>To account for overdispersion in the polling data, we introduce
    an overdispersion parameter <inline-formula><alternatives><tex-math><![CDATA[\phi]]></tex-math><mml:math xmlns:mml="http://www.w3.org/1998/Math/MathML" display="inline"><mml:mi>ϕ</mml:mi></mml:math></alternatives></inline-formula>:</p>
        <p>
          <disp-formula>
            <alternatives>
              <tex-math><![CDATA[
    \phi = \frac{1}{\phi_{\text{inv}}},
    ]]></tex-math>
              <mml:math xmlns:mml="http://www.w3.org/1998/Math/MathML" display="block">
                <mml:mrow>
                  <mml:mi>ϕ</mml:mi>
                  <mml:mo>=</mml:mo>
                  <mml:mfrac>
                    <mml:mn>1</mml:mn>
                    <mml:msub>
                      <mml:mi>ϕ</mml:mi>
                      <mml:mtext mathvariant="normal">inv</mml:mtext>
                    </mml:msub>
                  </mml:mfrac>
                  <mml:mo>,</mml:mo>
                </mml:mrow>
              </mml:math>
            </alternatives>
          </disp-formula>
        </p>
        <p>where <inline-formula><alternatives><tex-math><![CDATA[\phi_{\text{inv}} \sim \text{Exponential}(1)]]></tex-math><mml:math xmlns:mml="http://www.w3.org/1998/Math/MathML" display="inline"><mml:mrow><mml:msub><mml:mi>ϕ</mml:mi><mml:mtext mathvariant="normal">inv</mml:mtext></mml:msub><mml:mo>∼</mml:mo><mml:mtext mathvariant="normal">Exponential</mml:mtext><mml:mrow><mml:mo stretchy="true" form="prefix">(</mml:mo><mml:mn>1</mml:mn><mml:mo stretchy="true" form="postfix">)</mml:mo></mml:mrow></mml:mrow></mml:math></alternatives></inline-formula>.</p>
      </sec>
    </sec>
    <sec id="data-and-likelihood">
      <title>Data and Likelihood</title>
      <p>The observed counts <inline-formula><alternatives><tex-math><![CDATA[\mathbf{y}_{n} = \left(y_{n,1}, \dots, y_{n,P}\right)]]></tex-math><mml:math xmlns:mml="http://www.w3.org/1998/Math/MathML" display="inline"><mml:mrow><mml:msub><mml:mi>𝐲</mml:mi><mml:mi>n</mml:mi></mml:msub><mml:mo>=</mml:mo><mml:mrow><mml:mo stretchy="true" form="prefix">(</mml:mo><mml:msub><mml:mi>y</mml:mi><mml:mrow><mml:mi>n</mml:mi><mml:mo>,</mml:mo><mml:mn>1</mml:mn></mml:mrow></mml:msub><mml:mo>,</mml:mo><mml:mi>…</mml:mi><mml:mo>,</mml:mo><mml:msub><mml:mi>y</mml:mi><mml:mrow><mml:mi>n</mml:mi><mml:mo>,</mml:mo><mml:mi>P</mml:mi></mml:mrow></mml:msub><mml:mo stretchy="true" form="postfix">)</mml:mo></mml:mrow></mml:mrow></mml:math></alternatives></inline-formula>
  are modeled using a Dirichlet-Multinomial distribution:</p>
      <p>
        <disp-formula>
          <alternatives>
            <tex-math><![CDATA[
  \mathbf{y}_{n} \sim \text{Dirichlet-Multinomial}\left(\sum_{p=1}^P y_{n,p}, \phi \cdot \boldsymbol{\pi}_{n}\right),
  ]]></tex-math>
            <mml:math xmlns:mml="http://www.w3.org/1998/Math/MathML" display="block">
              <mml:mrow>
                <mml:msub>
                  <mml:mi>𝐲</mml:mi>
                  <mml:mi>n</mml:mi>
                </mml:msub>
                <mml:mo>∼</mml:mo>
                <mml:mtext mathvariant="normal">Dirichlet-Multinomial</mml:mtext>
                <mml:mrow>
                  <mml:mo stretchy="true" form="prefix">(</mml:mo>
                  <mml:munderover>
                    <mml:mo>∑</mml:mo>
                    <mml:mrow>
                      <mml:mi>p</mml:mi>
                      <mml:mo>=</mml:mo>
                      <mml:mn>1</mml:mn>
                    </mml:mrow>
                    <mml:mi>P</mml:mi>
                  </mml:munderover>
                  <mml:msub>
                    <mml:mi>y</mml:mi>
                    <mml:mrow>
                      <mml:mi>n</mml:mi>
                      <mml:mo>,</mml:mo>
                      <mml:mi>p</mml:mi>
                    </mml:mrow>
                  </mml:msub>
                  <mml:mo>,</mml:mo>
                  <mml:mi>ϕ</mml:mi>
                  <mml:mo>⋅</mml:mo>
                  <mml:msub>
                    <mml:mi>𝛑</mml:mi>
                    <mml:mi>n</mml:mi>
                  </mml:msub>
                  <mml:mo stretchy="true" form="postfix">)</mml:mo>
                </mml:mrow>
                <mml:mo>,</mml:mo>
              </mml:mrow>
            </mml:math>
          </alternatives>
        </disp-formula>
      </p>
      <p>where <inline-formula><alternatives><tex-math><![CDATA[\boldsymbol{\pi}_{n} = \text{softmax}\left(\boldsymbol{\eta}_{n}\right)]]></tex-math><mml:math xmlns:mml="http://www.w3.org/1998/Math/MathML" display="inline"><mml:mrow><mml:msub><mml:mi>𝛑</mml:mi><mml:mi>n</mml:mi></mml:msub><mml:mo>=</mml:mo><mml:mtext mathvariant="normal">softmax</mml:mtext><mml:mrow><mml:mo stretchy="true" form="prefix">(</mml:mo><mml:msub><mml:mi>𝛈</mml:mi><mml:mi>n</mml:mi></mml:msub><mml:mo stretchy="true" form="postfix">)</mml:mo></mml:mrow></mml:mrow></mml:math></alternatives></inline-formula>
  and <inline-formula><alternatives><tex-math><![CDATA[\boldsymbol{\eta}_{n}]]></tex-math><mml:math xmlns:mml="http://www.w3.org/1998/Math/MathML" display="inline"><mml:msub><mml:mi>𝛈</mml:mi><mml:mi>n</mml:mi></mml:msub></mml:math></alternatives></inline-formula>
  includes the latent support and polling house effect for each party,
  with the first party’s linear predictor constrained to be the negative
  sum of other parties’ predictors:</p>
      <p>
        <disp-formula>
          <alternatives>
            <tex-math><![CDATA[
  \eta_{n,p} = \begin{cases}
  -\sum_{p^*=2}^{P} (\beta_{p^*,t_n} + \gamma_{p^*,h_n}) & \text{if } p = 1 \\
  \beta_{p,t_n} + \gamma_{p,h_n} & \text{if } p > 1
  \end{cases}
  ]]></tex-math>
            <mml:math xmlns:mml="http://www.w3.org/1998/Math/MathML" display="block">
              <mml:mrow>
                <mml:msub>
                  <mml:mi>η</mml:mi>
                  <mml:mrow>
                    <mml:mi>n</mml:mi>
                    <mml:mo>,</mml:mo>
                    <mml:mi>p</mml:mi>
                  </mml:mrow>
                </mml:msub>
                <mml:mo>=</mml:mo>
                <mml:mrow>
                  <mml:mo stretchy="true" form="prefix">{</mml:mo>
                  <mml:mtable>
                    <mml:mtr>
                      <mml:mtd columnalign="left" style="text-align: left">
                        <mml:mi>−</mml:mi>
                        <mml:munderover>
                          <mml:mo>∑</mml:mo>
                          <mml:mrow>
                            <mml:msup>
                              <mml:mi>p</mml:mi>
                              <mml:mo>*</mml:mo>
                            </mml:msup>
                            <mml:mo>=</mml:mo>
                            <mml:mn>2</mml:mn>
                          </mml:mrow>
                          <mml:mi>P</mml:mi>
                        </mml:munderover>
                        <mml:mrow>
                          <mml:mo stretchy="true" form="prefix">(</mml:mo>
                          <mml:msub>
                            <mml:mi>β</mml:mi>
                            <mml:mrow>
                              <mml:msup>
                                <mml:mi>p</mml:mi>
                                <mml:mo>*</mml:mo>
                              </mml:msup>
                              <mml:mo>,</mml:mo>
                              <mml:msub>
                                <mml:mi>t</mml:mi>
                                <mml:mi>n</mml:mi>
                              </mml:msub>
                            </mml:mrow>
                          </mml:msub>
                          <mml:mo>+</mml:mo>
                          <mml:msub>
                            <mml:mi>γ</mml:mi>
                            <mml:mrow>
                              <mml:msup>
                                <mml:mi>p</mml:mi>
                                <mml:mo>*</mml:mo>
                              </mml:msup>
                              <mml:mo>,</mml:mo>
                              <mml:msub>
                                <mml:mi>h</mml:mi>
                                <mml:mi>n</mml:mi>
                              </mml:msub>
                            </mml:mrow>
                          </mml:msub>
                          <mml:mo stretchy="true" form="postfix">)</mml:mo>
                        </mml:mrow>
                      </mml:mtd>
                      <mml:mtd columnalign="left" style="text-align: left">
                        <mml:mrow>
                          <mml:mtext mathvariant="normal">if </mml:mtext>
                          <mml:mspace width="0.333em"/>
                        </mml:mrow>
                        <mml:mi>p</mml:mi>
                        <mml:mo>=</mml:mo>
                        <mml:mn>1</mml:mn>
                      </mml:mtd>
                    </mml:mtr>
                    <mml:mtr>
                      <mml:mtd columnalign="left" style="text-align: left">
                        <mml:msub>
                          <mml:mi>β</mml:mi>
                          <mml:mrow>
                            <mml:mi>p</mml:mi>
                            <mml:mo>,</mml:mo>
                            <mml:msub>
                              <mml:mi>t</mml:mi>
                              <mml:mi>n</mml:mi>
                            </mml:msub>
                          </mml:mrow>
                        </mml:msub>
                        <mml:mo>+</mml:mo>
                        <mml:msub>
                          <mml:mi>γ</mml:mi>
                          <mml:mrow>
                            <mml:mi>p</mml:mi>
                            <mml:mo>,</mml:mo>
                            <mml:msub>
                              <mml:mi>h</mml:mi>
                              <mml:mi>n</mml:mi>
                            </mml:msub>
                          </mml:mrow>
                        </mml:msub>
                      </mml:mtd>
                      <mml:mtd columnalign="left" style="text-align: left">
                        <mml:mrow>
                          <mml:mtext mathvariant="normal">if </mml:mtext>
                          <mml:mspace width="0.333em"/>
                        </mml:mrow>
                        <mml:mi>p</mml:mi>
                        <mml:mo>&gt;</mml:mo>
                        <mml:mn>1</mml:mn>
                      </mml:mtd>
                    </mml:mtr>
                  </mml:mtable>
                </mml:mrow>
              </mml:mrow>
            </mml:math>
          </alternatives>
        </disp-formula>
      </p>
    </sec>
    <sec id="prior-distributions">
      <title>Prior Distributions</title>
      <p>The priors are specified as follows:</p>
      <list list-type="bullet">
        <list-item>
          <p><bold>Initial Party Effects</bold>:
      <inline-formula><alternatives><tex-math><![CDATA[\beta_{p}^{(0)} \sim \mathcal{N}(0, 1)]]></tex-math><mml:math xmlns:mml="http://www.w3.org/1998/Math/MathML" display="inline"><mml:mrow><mml:msubsup><mml:mi>β</mml:mi><mml:mi>p</mml:mi><mml:mrow><mml:mo stretchy="true" form="prefix">(</mml:mo><mml:mn>0</mml:mn><mml:mo stretchy="true" form="postfix">)</mml:mo></mml:mrow></mml:msubsup><mml:mo>∼</mml:mo><mml:mi>𝒩</mml:mi><mml:mrow><mml:mo stretchy="true" form="prefix">(</mml:mo><mml:mn>0</mml:mn><mml:mo>,</mml:mo><mml:mn>1</mml:mn><mml:mo stretchy="true" form="postfix">)</mml:mo></mml:mrow></mml:mrow></mml:math></alternatives></inline-formula></p>
        </list-item>
        <list-item>
          <p><bold>Random Walk Innovations</bold>:
      <inline-formula><alternatives><tex-math><![CDATA[z_{p,t} \sim \mathcal{N}(0, 1)]]></tex-math><mml:math xmlns:mml="http://www.w3.org/1998/Math/MathML" display="inline"><mml:mrow><mml:msub><mml:mi>z</mml:mi><mml:mrow><mml:mi>p</mml:mi><mml:mo>,</mml:mo><mml:mi>t</mml:mi></mml:mrow></mml:msub><mml:mo>∼</mml:mo><mml:mi>𝒩</mml:mi><mml:mrow><mml:mo stretchy="true" form="prefix">(</mml:mo><mml:mn>0</mml:mn><mml:mo>,</mml:mo><mml:mn>1</mml:mn><mml:mo stretchy="true" form="postfix">)</mml:mo></mml:mrow></mml:mrow></mml:math></alternatives></inline-formula></p>
        </list-item>
        <list-item>
          <p><bold>House Effect Means</bold>: <inline-formula><alternatives><tex-math><![CDATA[\mu_{\gamma,p} \sim \mathcal{N}(0, 1)]]></tex-math><mml:math xmlns:mml="http://www.w3.org/1998/Math/MathML" display="inline"><mml:mrow><mml:msub><mml:mi>μ</mml:mi><mml:mrow><mml:mi>γ</mml:mi><mml:mo>,</mml:mo><mml:mi>p</mml:mi></mml:mrow></mml:msub><mml:mo>∼</mml:mo><mml:mi>𝒩</mml:mi><mml:mrow><mml:mo stretchy="true" form="prefix">(</mml:mo><mml:mn>0</mml:mn><mml:mo>,</mml:mo><mml:mn>1</mml:mn><mml:mo stretchy="true" form="postfix">)</mml:mo></mml:mrow></mml:mrow></mml:math></alternatives></inline-formula>
      with <inline-formula><alternatives><tex-math><![CDATA[\sum_p \mu_{\gamma,p} \sim \mathcal{N}(0, 1)]]></tex-math><mml:math xmlns:mml="http://www.w3.org/1998/Math/MathML" display="inline"><mml:mrow><mml:msub><mml:mo>∑</mml:mo><mml:mi>p</mml:mi></mml:msub><mml:msub><mml:mi>μ</mml:mi><mml:mrow><mml:mi>γ</mml:mi><mml:mo>,</mml:mo><mml:mi>p</mml:mi></mml:mrow></mml:msub><mml:mo>∼</mml:mo><mml:mi>𝒩</mml:mi><mml:mrow><mml:mo stretchy="true" form="prefix">(</mml:mo><mml:mn>0</mml:mn><mml:mo>,</mml:mo><mml:mn>1</mml:mn><mml:mo stretchy="true" form="postfix">)</mml:mo></mml:mrow></mml:mrow></mml:math></alternatives></inline-formula></p>
        </list-item>
        <list-item>
          <p><bold>House Effect Scales</bold>:
      <inline-formula><alternatives><tex-math><![CDATA[\sigma_{\gamma,p} \sim \text{Exponential}(1)]]></tex-math><mml:math xmlns:mml="http://www.w3.org/1998/Math/MathML" display="inline"><mml:mrow><mml:msub><mml:mi>σ</mml:mi><mml:mrow><mml:mi>γ</mml:mi><mml:mo>,</mml:mo><mml:mi>p</mml:mi></mml:mrow></mml:msub><mml:mo>∼</mml:mo><mml:mtext mathvariant="normal">Exponential</mml:mtext><mml:mrow><mml:mo stretchy="true" form="prefix">(</mml:mo><mml:mn>1</mml:mn><mml:mo stretchy="true" form="postfix">)</mml:mo></mml:mrow></mml:mrow></mml:math></alternatives></inline-formula></p>
        </list-item>
        <list-item>
          <p><bold>Random Walk Scales</bold>: <inline-formula><alternatives><tex-math><![CDATA[\sigma_p \sim \text{Exponential}(1)]]></tex-math><mml:math xmlns:mml="http://www.w3.org/1998/Math/MathML" display="inline"><mml:mrow><mml:msub><mml:mi>σ</mml:mi><mml:mi>p</mml:mi></mml:msub><mml:mo>∼</mml:mo><mml:mtext mathvariant="normal">Exponential</mml:mtext><mml:mrow><mml:mo stretchy="true" form="prefix">(</mml:mo><mml:mn>1</mml:mn><mml:mo stretchy="true" form="postfix">)</mml:mo></mml:mrow></mml:mrow></mml:math></alternatives></inline-formula></p>
        </list-item>
        <list-item>
          <p><bold>Overdispersion Parameter Inverse</bold>:
      <inline-formula><alternatives><tex-math><![CDATA[\phi_{\text{inv}} \sim \text{Exponential}(1)]]></tex-math><mml:math xmlns:mml="http://www.w3.org/1998/Math/MathML" display="inline"><mml:mrow><mml:msub><mml:mi>ϕ</mml:mi><mml:mtext mathvariant="normal">inv</mml:mtext></mml:msub><mml:mo>∼</mml:mo><mml:mtext mathvariant="normal">Exponential</mml:mtext><mml:mrow><mml:mo stretchy="true" form="prefix">(</mml:mo><mml:mn>1</mml:mn><mml:mo stretchy="true" form="postfix">)</mml:mo></mml:mrow></mml:mrow></mml:math></alternatives></inline-formula></p>
        </list-item>
      </list>
    </sec>
    <sec id="inference">
      <title>Inference</title>
      <p>Bayesian inference is performed using Markov Chain Monte Carlo
  (MCMC) sampling via Stan. Posterior distributions of the latent
  variables <inline-formula><alternatives><tex-math><![CDATA[\beta_{p,t}]]></tex-math><mml:math xmlns:mml="http://www.w3.org/1998/Math/MathML" display="inline"><mml:msub><mml:mi>β</mml:mi><mml:mrow><mml:mi>p</mml:mi><mml:mo>,</mml:mo><mml:mi>t</mml:mi></mml:mrow></mml:msub></mml:math></alternatives></inline-formula>
  and <inline-formula><alternatives><tex-math><![CDATA[\gamma_{p,h}]]></tex-math><mml:math xmlns:mml="http://www.w3.org/1998/Math/MathML" display="inline"><mml:msub><mml:mi>γ</mml:mi><mml:mrow><mml:mi>p</mml:mi><mml:mo>,</mml:mo><mml:mi>h</mml:mi></mml:mrow></mml:msub></mml:math></alternatives></inline-formula>
  are obtained, allowing for probabilistic forecasting of election
  outcomes. The overdispersion parameter <inline-formula><alternatives><tex-math><![CDATA[\phi]]></tex-math><mml:math xmlns:mml="http://www.w3.org/1998/Math/MathML" display="inline"><mml:mi>ϕ</mml:mi></mml:math></alternatives></inline-formula>
  helps in capturing extra variability in the polling data beyond the
  multinomial assumption.</p>
    </sec>
    <sec id="posterior-predictive-checks">
      <title>Posterior Predictive Checks</title>
      <p>To assess the model’s fit, posterior predictive simulations are
  conducted:</p>
      <p>
        <disp-formula>
          <alternatives>
            <tex-math><![CDATA[
  \mathbf{y}_{\text{rep},d} \sim \text{Dirichlet-Multinomial}\left(n_{\text{pred}}, \phi \cdot \boldsymbol{\pi}_{d}\right),
  ]]></tex-math>
            <mml:math xmlns:mml="http://www.w3.org/1998/Math/MathML" display="block">
              <mml:mrow>
                <mml:msub>
                  <mml:mi>𝐲</mml:mi>
                  <mml:mrow>
                    <mml:mtext mathvariant="normal">rep</mml:mtext>
                    <mml:mo>,</mml:mo>
                    <mml:mi>d</mml:mi>
                  </mml:mrow>
                </mml:msub>
                <mml:mo>∼</mml:mo>
                <mml:mtext mathvariant="normal">Dirichlet-Multinomial</mml:mtext>
                <mml:mrow>
                  <mml:mo stretchy="true" form="prefix">(</mml:mo>
                  <mml:msub>
                    <mml:mi>n</mml:mi>
                    <mml:mtext mathvariant="normal">pred</mml:mtext>
                  </mml:msub>
                  <mml:mo>,</mml:mo>
                  <mml:mi>ϕ</mml:mi>
                  <mml:mo>⋅</mml:mo>
                  <mml:msub>
                    <mml:mi>𝛑</mml:mi>
                    <mml:mi>d</mml:mi>
                  </mml:msub>
                  <mml:mo stretchy="true" form="postfix">)</mml:mo>
                </mml:mrow>
                <mml:mo>,</mml:mo>
              </mml:mrow>
            </mml:math>
          </alternatives>
        </disp-formula>
      </p>
      <p>where <inline-formula><alternatives><tex-math><![CDATA[\boldsymbol{\pi}_{d} = \text{softmax}\left(\boldsymbol{\eta}_{d}\right)]]></tex-math><mml:math xmlns:mml="http://www.w3.org/1998/Math/MathML" display="inline"><mml:mrow><mml:msub><mml:mi>𝛑</mml:mi><mml:mi>d</mml:mi></mml:msub><mml:mo>=</mml:mo><mml:mtext mathvariant="normal">softmax</mml:mtext><mml:mrow><mml:mo stretchy="true" form="prefix">(</mml:mo><mml:msub><mml:mi>𝛈</mml:mi><mml:mi>d</mml:mi></mml:msub><mml:mo stretchy="true" form="postfix">)</mml:mo></mml:mrow></mml:mrow></mml:math></alternatives></inline-formula>
  and <inline-formula><alternatives><tex-math><![CDATA[\boldsymbol{\eta}_{d}]]></tex-math><mml:math xmlns:mml="http://www.w3.org/1998/Math/MathML" display="inline"><mml:msub><mml:mi>𝛈</mml:mi><mml:mi>d</mml:mi></mml:msub></mml:math></alternatives></inline-formula>
  is constructed such that its first component is the negative sum of
  the remaining components, which are the latent party support values
  <inline-formula><alternatives><tex-math><![CDATA[\beta_{p,d}]]></tex-math><mml:math xmlns:mml="http://www.w3.org/1998/Math/MathML" display="inline"><mml:msub><mml:mi>β</mml:mi><mml:mrow><mml:mi>p</mml:mi><mml:mo>,</mml:mo><mml:mi>d</mml:mi></mml:mrow></mml:msub></mml:math></alternatives></inline-formula>.</p>
    </sec>
    <sec id="conclusion">
      <title>Conclusion</title>
      <p>The dynamic linear model effectively captures the temporal
  evolution of party support and adjusts for polling house biases while
  accounting for overdispersion in the data. By leveraging Bayesian
  methods, we obtain a comprehensive probabilistic forecast of the
  election outcomes, accounting for uncertainty in the estimates.</p>
    </sec>
  </body>
  <back>
</back>
</article>
